FIPS,State,County,Average House Price,Average Rent,Property Tax Rate,Expected Rent Growth,Economic Value of Average Home,Total Return,Net Annual Return
51770,VA,Roanoke City,112500.0,10728.0,1.0,0.0,122529.1101780387,8.9,0.5
26065,MI,Ingham,127000.0,14376.0,2.2,1.1,175609.64757346228,38.3,2.1
26139,MI,Ottawa,204100.0,16656.0,1.3,1.5,262350.5757627081,28.5,1.6
05031,AR,Craighead,120300.0,13080.0,0.5,0.8,196114.4216606125,63.0,3.5
21211,KY,Shelby,187300.0,16032.0,0.8,1.4,270520.62870914344,44.4,2.5
49049,UT,Utah,325800.0,17880.0,0.6,1.7,342153.15775699157,5.0,0.3
36063,NY,Niagara,134000.0,14220.0,2.5,1.1,164241.19719361461,22.6,1.3
17015,IL,Carroll,85300.0,12336.0,1.8,0.6,141722.34902406784,66.1,3.7
48157,TX,Fort Bend,254000.0,21024.0,2.3,2.1,320661.0691328841,26.2,1.5
37043,NC,Clay,156300.0,14340.0,0.5,1.1,235972.55766351716,51.0,2.8
55127,WI,Walworth,205400.0,18420.0,1.6,1.8,291946.9368114532,42.1,2.3
05143,AR,Washington,176500.0,15036.0,0.7,1.2,245960.75799840887,39.4,2.2
37129,NC,New Hanover,228500.0,16188.0,0.7,1.5,279681.41664292786,22.4,1.2
39001,OH,Adams,79900.0,10080.0,0.9,0.0,114766.7324763424,43.6,2.4
48497,TX,Wise,204200.0,17316.0,1.4,1.6,275610.7777727203,35.0,1.9
29169,MO,Pulaski,159900.0,11388.0,0.8,0.3,142724.32918790678,-10.7,-0.6
13169,GA,Jones,123100.0,12744.0,1.0,0.7,171964.78598528024,39.7,2.2
48221,TX,Hood,211500.0,17904.0,1.2,1.7,299534.0818551642,41.6,2.3
29099,MO,Jefferson,166700.0,13932.0,0.9,1.0,206735.75972195892,24.0,1.3
26015,MI,Barry,156700.0,14256.0,1.2,1.1,201953.66371601287,28.9,1.6
06075,CA,San Francisco,1366200.0,49560.0,0.7,3.3,1857581.0605922202,36.0,2.0
12003,FL,Baker,169400.0,15024.0,0.8,1.2,238950.42324362948,41.1,2.3
48353,TX,Nolan,71100.0,11616.0,1.5,0.4,133458.8531720967,87.7,4.9
36061,NY,New York,1315700.0,46560.0,0.5,3.3,1806486.5312520075,37.3,2.1
41065,OR,Wasco,235300.0,16788.0,1.1,1.6,278822.3475180683,18.5,1.0
39003,OH,Allen,92200.0,10332.0,1.2,0.0,112546.37513126728,22.1,1.2
51700,VA,Newport News City,174700.0,14916.0,1.1,1.2,226830.70550106346,29.8,1.7
27013,MN,Blue Earth,188200.0,15108.0,1.0,1.3,233887.54270334973,24.3,1.3
12127,FL,Volusia,189500.0,16728.0,1.1,1.5,273617.73531341046,44.4,2.5
25013,MA,Hampden,199700.0,18492.0,1.5,1.8,300309.1180586091,50.4,2.8
21163,KY,Meade,123600.0,11388.0,0.8,0.3,143867.02909083763,16.4,0.9
48423,TX,Smith,153900.0,14868.0,1.4,1.2,212278.92973968948,37.9,2.1
16039,ID,Elmore,160700.0,12216.0,0.8,0.5,164788.48302844385,2.5,0.1
51171,VA,Shenandoah,180400.0,14712.0,0.5,1.2,246101.82986591643,36.4,2.0
24510,MD,Baltimore City,116600.0,15336.0,1.5,1.3,219004.52224273726,87.8,4.9
17091,IL,Kankakee,118800.0,13176.0,2.1,0.8,152141.1458228586,28.1,1.6
42117,PA,Tioga,123600.0,12636.0,1.3,0.7,161074.22076559035,30.3,1.7
06061,CA,Placer,480800.0,26136.0,1.0,2.5,583485.4342759422,21.4,1.2
29145,MO,Newton,132500.0,9864.0,0.7,0.0,114105.05715638612,-13.9,-0.8
18013,IN,Brown,184700.0,14304.0,0.5,1.1,233600.81833736994,26.5,1.5
47003,TN,Bedford,140300.0,14388.0,0.6,1.1,230840.6060933321,64.5,3.6
53015,WA,Cowlitz,247500.0,16068.0,1.0,1.4,262435.4081311036,6.0,0.3
21227,KY,Warren,176800.0,14052.0,0.7,1.0,217241.2355068712,22.9,1.3
18011,IN,Boone,218000.0,16908.0,1.0,1.6,285786.32510535413,31.1,1.7
20165,KS,Rush,45700.0,8076.0,1.5,0.0,75722.48408505712,65.7,3.6
26067,MI,Ionia,134100.0,13212.0,1.4,0.8,171811.82212608014,28.1,1.6
18163,IN,Vanderburgh,114900.0,10776.0,0.8,0.1,127183.495544815,10.7,0.6
27061,MN,Itasca,138800.0,14904.0,0.8,1.2,238372.0891200128,71.7,4.0
21059,KY,Daviess,124900.0,11892.0,0.9,0.4,153745.78565156093,23.1,1.3
35051,NM,Sierra,77400.0,9828.0,0.5,0.0,117758.46390746716,52.1,2.9
08035,CO,Douglas,479800.0,29604.0,0.8,2.7,746494.7888425244,55.6,3.1
39151,OH,Stark,123600.0,11904.0,1.4,0.5,141055.8700167847,14.1,0.8
13113,GA,Fayette,272400.0,21144.0,1.1,2.1,408213.27248667186,49.9,2.8
51840,VA,Winchester City,220900.0,17280.0,0.8,1.6,312293.28802097996,41.4,2.3
22061,LA,Lincoln,165300.0,14496.0,0.5,1.1,239783.89253235428,45.1,2.5
33015,NH,Rockingham,341100.0,23928.0,1.9,2.4,414979.63638064015,21.7,1.2
13047,GA,Catoosa,141800.0,13188.0,0.8,0.8,190790.0631944533,34.5,1.9
13147,GA,Hart,150600.0,13692.0,0.7,0.9,208131.88104419518,38.2,2.1
08105,CO,Rio Grande,156100.0,14280.0,0.5,1.1,232432.3791777424,48.9,2.7
13139,GA,Hall,185300.0,15888.0,0.9,1.4,263290.2853036924,42.1,2.3
18093,IN,Lawrence,87300.0,10068.0,0.8,0.0,115946.80111759304,32.8,1.8
55005,WI,Barron,140600.0,12468.0,1.7,0.6,148338.54960187385,5.5,0.3
35013,NM,Dona Ana,163100.0,12540.0,0.7,0.6,176251.31727555912,8.1,0.4
47149,TN,Rutherford,222500.0,16668.0,0.8,1.5,291791.22044733947,31.1,1.7
39123,OH,Ottawa,134600.0,13644.0,1.1,0.9,191186.5594711885,42.0,2.3
42017,PA,Bucks,322400.0,22500.0,1.4,2.2,418784.39383097907,29.9,1.7
16073,ID,Owyhee,206100.0,13860.0,0.6,1.0,217183.926736645,5.4,0.3
30067,MT,Park,222200.0,13764.0,0.7,1.0,211225.53923522742,-4.9,-0.3
06089,CA,Shasta,252200.0,16512.0,0.8,1.5,288221.87735050754,14.3,0.8
29055,MO,Crawford,133900.0,9960.0,0.6,0.0,117058.8460943945,-12.6,-0.7
48031,TX,Blanco,304000.0,20844.0,1.0,2.1,402111.53749217716,32.3,1.8
05051,AR,Garland,140200.0,13680.0,0.5,0.9,215302.3806018896,53.6,3.0
04021,AZ,Pinal,202800.0,14124.0,0.9,1.0,210003.40929786285,3.6,0.2
55057,WI,Juneau,109200.0,11772.0,1.7,0.4,132675.9632013303,21.5,1.2
51061,VA,Fauquier,372200.0,20328.0,0.8,2.0,410610.4153716285,10.3,0.6
31109,NE,Lancaster,179000.0,15564.0,1.7,1.3,216168.56613401254,20.8,1.2
39091,OH,Logan,122000.0,12408.0,1.2,0.6,158040.79049525244,29.5,1.6
51197,VA,Wythe,120100.0,12432.0,0.6,0.6,176494.89965981658,47.0,2.6
26101,MI,Manistee,115800.0,11916.0,1.2,0.5,146667.17314552527,26.7,1.5
16011,ID,Bingham,176700.0,12588.0,0.7,0.7,178282.27715667846,0.9,0.0
18137,IN,Ripley,118000.0,12432.0,0.7,0.6,173251.00887562576,46.8,2.6
51760,VA,Richmond City,211300.0,14988.0,1.1,1.2,228674.85998635797,8.2,0.5
13233,GA,Polk,90100.0,11556.0,0.9,0.3,143707.31793472957,59.5,3.3
08045,CO,Garfield,392000.0,22128.0,0.4,2.2,516285.18762810784,31.7,1.8
26161,MI,Washtenaw,279700.0,22776.0,1.8,2.3,395255.8377085632,41.3,2.3
17093,IL,Kendall,236800.0,22164.0,2.7,2.2,319793.8989644748,35.0,1.9
40065,OK,Jackson,56200.0,8460.0,0.7,0.0,92214.58956744993,64.1,3.6
18089,IN,Lake,139800.0,14580.0,1.2,1.1,210444.27420901973,50.5,2.8
42101,PA,Philadelphia,150100.0,14484.0,0.9,1.1,219496.57055654432,46.2,2.6
22125,LA,West Feliciana,247600.0,15948.0,0.5,1.4,288436.2633199208,16.5,0.9
47089,TN,Jefferson,135800.0,13080.0,0.5,0.8,196124.09551728037,44.4,2.5
55043,WI,Grant,126500.0,12876.0,1.5,0.7,161279.05400943878,27.5,1.5
54061,WV,Monongalia,182200.0,15048.0,0.5,1.2,258657.77344089746,42.0,2.3
48409,TX,San Patricio,131500.0,16080.0,1.7,1.4,231031.95267306166,75.7,4.2
34029,NJ,Ocean,278900.0,21588.0,1.7,2.2,370033.10799217725,32.7,1.8
34027,NJ,Morris,435100.0,30984.0,1.9,2.8,604700.7599238036,39.0,2.2
37071,NC,Gaston,143200.0,13188.0,1.0,0.8,182047.4728426113,27.1,1.5
48001,TX,Anderson,94600.0,13128.0,1.4,0.8,170974.27497630657,80.7,4.5
40021,OK,Cherokee,94400.0,10584.0,0.5,0.0,129390.11887330501,37.1,2.1
38071,ND,Ramsey,137700.0,14856.0,1.2,1.2,220223.91912107726,59.9,3.3
42081,PA,Lycoming,144000.0,11904.0,1.3,0.5,142681.42857044112,-0.9,-0.1
51013,VA,Arlington,666200.0,33624.0,0.8,2.9,1149691.5523211714,72.6,4.0
24033,MD,Prince Georges,289400.0,23412.0,1.4,2.3,450704.5128230466,55.7,3.1
06025,CA,Imperial,201400.0,12912.0,1.0,0.7,176230.3170904274,-12.5,-0.7
31131,NE,Otoe,140700.0,14376.0,1.5,1.1,195647.93583739892,39.1,2.2
24039,MD,Somerset,101200.0,14868.0,0.9,1.2,230802.45320720875,128.1,7.1
28029,MS,Copiah,70800.0,10668.0,0.5,0.0,131167.7393017842,85.3,4.7
17195,IL,Whiteside,79800.0,12396.0,2.0,0.6,139101.431127742,74.3,4.1
40121,OK,Pittsburg,84900.0,10188.0,0.5,0.0,123204.76076499734,45.1,2.5
40097,OK,Mayes,106700.0,11172.0,0.6,0.2,141529.7367167951,32.6,1.8
40079,OK,LeFlore,76400.0,9972.0,0.6,0.0,118233.24332889063,54.8,3.0
39159,OH,Union,198100.0,16668.0,1.5,1.5,251734.9547175554,27.1,1.5
21067,KY,Fayette,178000.0,14880.0,0.9,1.2,232114.07137363238,30.4,1.7
48481,TX,Wharton,130200.0,15444.0,1.5,1.3,221253.8375012886,69.9,3.9
13227,GA,Pickens,181200.0,14820.0,0.8,1.2,234658.76349310073,29.5,1.6
13009,GA,Baldwin,122600.0,13080.0,0.8,0.8,185469.20832576073,51.3,2.8
47035,TN,Cumberland,138400.0,11064.0,0.3,0.2,145905.92415435618,5.4,0.3
40017,OK,Canadian,161300.0,14748.0,1.0,1.2,224321.31868739467,39.1,2.2
24037,MD,Saint Marys,277200.0,19152.0,0.9,1.9,364156.9401278649,31.4,1.7
29183,MO,Saint Charles,223100.0,18504.0,1.2,1.8,317365.81412863533,42.3,2.3
37049,NC,Craven,145000.0,12528.0,0.7,0.6,174399.01692399048,20.3,1.1
13117,GA,Forsyth,332000.0,21528.0,0.8,2.1,447692.89257268,34.8,1.9
47081,TN,Hickman,86500.0,13020.0,0.5,0.8,195276.70331855837,125.8,7.0
19121,IA,Madison,177800.0,14364.0,1.4,1.1,200340.49199115662,12.7,0.7
37061,NC,Duplin,84100.0,10044.0,0.8,0.0,115148.19625030331,36.9,2.0
53005,WA,Benton,268100.0,18252.0,1.0,1.8,323208.99807798536,20.6,1.1
12035,FL,Flagler,219500.0,16788.0,1.0,1.6,280558.06514895934,27.8,1.5
16019,ID,Bonneville,191600.0,13128.0,0.8,0.8,187123.18593739026,-2.3,-0.1
08085,CO,Montrose,232100.0,16716.0,0.5,1.5,311751.657751705,34.3,1.9
42025,PA,Carbon,146700.0,14304.0,1.7,1.1,189186.2071965945,29.0,1.6
30007,MT,Broadwater,176900.0,11724.0,0.5,0.4,160384.37290481717,-9.3,-0.5
48257,TX,Kaufman,200700.0,18588.0,1.9,1.8,283020.2437353532,41.0,2.3
24005,MD,Baltimore,240400.0,20676.0,1.0,2.1,397105.70927304326,65.2,3.6
37007,NC,Anson,62900.0,9852.0,0.8,0.0,112680.20582799187,79.1,4.4
21093,KY,Hardin,144600.0,12888.0,0.7,0.7,184325.55016264293,27.5,1.5
06079,CA,San Luis Obispo,601900.0,29808.0,0.7,2.7,997875.1985099062,65.8,3.6
41029,OR,Jackson,296800.0,18576.0,0.9,1.8,340328.72270676756,14.7,0.8
48171,TX,Gillespie,289800.0,20256.0,1.0,2.0,384023.32062681514,32.5,1.8
12121,FL,Suwannee,126700.0,14184.0,0.8,1.1,216156.69452429423,70.6,3.9
30047,MT,Lake,262100.0,13260.0,0.6,0.8,199396.0070659678,-23.9,-1.3
27131,MN,Rice,218800.0,16824.0,1.0,1.6,280571.57369172963,28.2,1.6
18003,IN,Allen,129800.0,13500.0,0.9,0.9,193874.99704118667,49.4,2.7
08071,CO,Las Animas,157400.0,14412.0,0.3,1.1,244875.54036768296,55.6,3.1
08041,CO,El Paso,280300.0,18480.0,0.6,1.8,367186.97579286806,31.0,1.7
39169,OH,Wayne,143000.0,13788.0,1.3,1.0,188277.00015803048,31.7,1.8
48315,TX,Marion,107100.0,14304.0,1.0,1.1,212903.50625222013,98.8,5.5
27027,MN,Clay,191200.0,15504.0,1.1,1.3,239198.5934106339,25.1,1.4
20155,KS,Reno,89900.0,9516.0,1.7,0.0,94331.45183039273,4.9,0.3
08047,CO,Gilpin,343400.0,20688.0,0.3,2.1,471336.4853246358,37.3,2.1
48407,TX,San Jacinto,128500.0,15132.0,1.3,1.3,224357.0043537967,74.6,4.1
49045,UT,Tooele,250600.0,16944.0,0.7,1.6,306706.957033889,22.4,1.2
26105,MI,Mason,106900.0,12060.0,1.3,0.5,148044.22090268266,38.5,2.1
09009,CT,New Haven,210400.0,19788.0,1.9,2.0,312499.6481787836,48.5,2.7
40083,OK,Logan,154600.0,12240.0,0.8,0.6,163677.7412054985,5.9,0.3
19015,IA,Boone,134800.0,13020.0,1.5,0.8,165604.78219008993,22.9,1.3
35029,NM,Luna,96000.0,9840.0,0.5,0.0,117257.53410688315,22.1,1.2
13255,GA,Spalding,107600.0,11352.0,1.2,0.3,133051.93300039257,23.7,1.3
37087,NC,Haywood,130000.0,13908.0,0.7,1.0,214018.3717345763,64.6,3.6
55075,WI,Marinette,100600.0,10980.0,1.5,0.1,119962.0494499727,19.2,1.1
08005,CO,Arapahoe,368400.0,24480.0,0.7,2.4,559221.444295948,51.8,2.9
37025,NC,Cabarrus,189300.0,15444.0,0.9,1.3,247449.85169803046,30.7,1.7
16047,ID,Gooding,158300.0,10896.0,0.5,0.1,136575.89465902236,-13.7,-0.8
29161,MO,Phelps,128000.0,9420.0,0.7,0.0,107637.1921439555,-15.9,-0.9
54049,WV,Marion,95900.0,10764.0,0.6,0.1,131612.56243365398,37.2,2.1
30017,MT,Custer,144400.0,10392.0,0.9,0.0,119157.31342480938,-17.5,-1.0
54011,WV,Cabell,91600.0,10956.0,0.7,0.1,135520.51136323935,47.9,2.7
47189,TN,Wilson,275600.0,19476.0,0.6,1.9,395650.8250593195,43.6,2.4
26023,MI,Branch,98100.0,11904.0,1.2,0.5,145312.15258435853,48.1,2.7
20177,KS,Shawnee,116600.0,11376.0,1.5,0.3,127063.1849183308,9.0,0.5
48113,TX,Dallas,197200.0,17988.0,1.7,1.7,275374.4268068492,39.6,2.2
13207,GA,Monroe,180100.0,15324.0,0.8,1.3,251987.33594789272,39.9,2.2
48339,TX,Montgomery,241300.0,20760.0,1.8,2.1,340293.0991761348,41.0,2.3
37093,NC,Hoke,152200.0,12252.0,0.8,0.6,164987.4840990491,8.4,0.5
36043,NY,Herkimer,98400.0,15708.0,1.9,1.4,212794.0718321977,116.3,6.4
13115,GA,Floyd,122200.0,11448.0,1.0,0.3,140102.43527317262,14.7,0.8
26027,MI,Cass,111900.0,12624.0,1.1,0.7,166740.7419248197,49.0,2.7
25005,MA,Bristol,304200.0,22020.0,1.1,2.2,434292.49561865185,42.8,2.4
48297,TX,Live Oak,129800.0,13068.0,0.7,0.8,188354.48007641468,45.1,2.5
29135,MO,Moniteau,118800.0,10884.0,0.6,0.1,134450.78317133436,13.2,0.7
06033,CA,Lake,244000.0,17484.0,0.8,1.7,316288.63694733655,29.6,1.6
31079,NE,Hall,151800.0,14388.0,1.7,1.1,189122.51580335834,24.6,1.4
45053,SC,Jasper,133700.0,14892.0,0.6,1.2,246049.48637496034,84.0,4.7
37133,NC,Onslow,139900.0,10728.0,0.7,0.0,128326.07559726301,-8.3,-0.5
36091,NY,Saratoga,265900.0,21504.0,1.6,2.1,377641.49404486315,42.0,2.3
06071,CA,San Bernardino,340700.0,20880.0,1.0,2.1,408925.9921875644,20.0,1.1
36017,NY,Chenango,92100.0,15216.0,2.2,1.3,193494.9703443586,110.1,6.1
06009,CA,Calaveras,292600.0,19056.0,0.9,1.9,360495.78007895965,23.2,1.3
40041,OK,Delaware,151700.0,12492.0,0.6,0.6,178003.1660285337,17.3,1.0
22057,LA,Lafourche,121000.0,14112.0,0.3,1.0,236838.8340575175,95.7,5.3
30027,MT,Fergus,135800.0,10752.0,0.9,0.0,124883.95530890478,-8.0,-0.4
51103,VA,Lancaster,216800.0,16428.0,0.4,1.5,307035.8104355586,41.6,2.3
45015,SC,Berkeley,191800.0,16308.0,0.5,1.5,296325.8331333341,54.5,3.0
12103,FL,Pinellas,222700.0,17820.0,1.1,1.7,309186.43497731216,38.8,2.2
45037,SC,Edgefield,136900.0,11880.0,0.5,0.4,164816.6141103272,20.4,1.1
05005,AR,Baxter,127900.0,11988.0,0.5,0.5,165883.72934422203,29.7,1.6
48371,TX,Pecos,91100.0,12936.0,1.1,0.8,174736.07197450995,91.8,5.1
13143,GA,Haralson,113400.0,11988.0,1.0,0.5,152788.5626159879,34.7,1.9
53071,WA,Walla Walla,225000.0,16032.0,1.1,1.4,256949.63664307102,14.2,0.8
17201,IL,Winnebago,107600.0,11940.0,2.7,0.5,118435.9509202187,10.1,0.6
13151,GA,Henry,170200.0,15876.0,1.1,1.4,248831.76195101655,46.2,2.6
17037,IL,DeKalb,164600.0,15348.0,2.6,1.3,183740.83185841198,11.6,0.6
13313,GA,Whitfield,114200.0,13080.0,0.7,0.8,189519.2507145355,66.0,3.7
37085,NC,Harnett,158200.0,13704.0,0.8,0.9,203015.0290120744,28.3,1.6
09011,CT,New London,233000.0,18072.0,1.5,1.7,290997.4237327603,24.9,1.4
51775,VA,Salem City,154300.0,14268.0,1.0,1.1,210772.03555414616,36.6,2.0
13135,GA,Gwinnett,221200.0,17856.0,1.2,1.7,300566.0728123504,35.9,2.0
12091,FL,Okaloosa,214900.0,16188.0,0.8,1.5,276839.08593110024,28.8,1.6
13159,GA,Jasper,139900.0,11952.0,1.1,0.5,150380.89712663367,7.5,0.4
31055,NE,Douglas,167500.0,15588.0,2.0,1.3,208828.16026087035,24.7,1.4
19033,IA,Cerro Gordo,103500.0,7788.0,1.3,0.0,74211.843145231,-28.3,-1.6
21179,KY,Nelson,153200.0,12156.0,0.8,0.5,162068.9516094803,5.8,0.3
45019,SC,Charleston,326400.0,22416.0,0.5,2.2,516432.5236182339,58.2,3.2
13185,GA,Lowndes,124100.0,11928.0,0.9,0.5,154787.4495460333,24.7,1.4
26081,MI,Kent,184900.0,16812.0,1.5,1.6,255950.51591476979,38.4,2.1
32019,NV,Lyon,251100.0,17220.0,0.9,1.6,300893.3319179231,19.8,1.1
21185,KY,Oldham,270100.0,20760.0,0.9,2.1,408092.4501234871,51.1,2.8
16043,ID,Fremont,208800.0,13752.0,0.7,1.0,209512.12628120906,0.3,0.0
13057,GA,Cherokee,246400.0,17832.0,0.9,1.7,320824.3370577254,30.2,1.7
41071,OR,Yamhill,317400.0,19080.0,0.9,1.9,360460.4134810459,13.6,0.8
55031,WI,Douglas,127200.0,11280.0,1.6,0.2,123336.81316654812,-3.0,-0.2
06021,CA,Glenn,208100.0,15912.0,0.7,1.4,275595.78635213105,32.4,1.8
05115,AR,Pope,113000.0,11004.0,0.6,0.1,138243.33000198088,22.3,1.2
04017,AZ,Navajo,186900.0,13164.0,0.5,0.8,198594.13898614323,6.3,0.3
36085,NY,Richmond,521500.0,26868.0,0.8,2.6,639370.2561561802,22.6,1.3
48279,TX,Lamb,45400.0,11556.0,1.6,0.3,129885.76280597497,186.1,10.3
56015,WY,Goshen,164000.0,11508.0,0.6,0.3,150307.78867609348,-8.3,-0.5
13195,GA,Madison,127900.0,12396.0,0.9,0.6,164930.39373750018,29.0,1.6
12019,FL,Clay,202000.0,15996.0,1.1,1.4,255598.60890149896,26.5,1.5
42083,PA,McKean,59200.0,10752.0,1.6,0.0,112869.89464000416,90.7,5.0
13157,GA,Jackson,191800.0,16032.0,1.0,1.4,258032.695392526,34.5,1.9
42045,PA,Delaware,211400.0,18084.0,1.7,1.7,277104.3163983729,31.1,1.7
51119,VA,Middlesex,234600.0,16800.0,0.4,1.6,318632.438448882,35.8,2.0
40147,OK,Washington,92800.0,10788.0,0.9,0.1,127258.53298787019,37.1,2.1
37141,NC,Pender,225900.0,16788.0,0.7,1.6,299003.3955189458,32.4,1.8
29151,MO,Osage,158100.0,9636.0,0.6,0.0,112465.43677779607,-28.9,-1.6
49021,UT,Iron,211600.0,13764.0,0.6,1.0,211682.5682388266,0.0,0.0
45055,SC,Kershaw,120200.0,11784.0,0.5,0.4,161634.6938964963,34.5,1.9
42001,PA,Adams,200100.0,15384.0,1.3,1.3,228850.84110523888,14.4,0.8
20059,KS,Franklin,105400.0,11628.0,1.3,0.4,136591.95315940486,29.6,1.6
41061,OR,Union,172000.0,15312.0,0.8,1.3,247524.53533953996,43.9,2.4
12109,FL,Saint Johns,306100.0,22524.0,1.0,2.2,455391.91893064574,48.8,2.7
48167,TX,Galveston,207100.0,19212.0,2.0,1.9,294482.1222143292,42.2,2.3
36079,NY,Putnam,341600.0,29280.0,2.2,2.7,526375.1066012736,54.1,3.0
09003,CT,Hartford,226000.0,19344.0,2.0,1.9,296329.2631080122,31.1,1.7
40049,OK,Garvin,62700.0,9516.0,0.5,0.0,112276.25617909801,79.1,4.4
18039,IN,Elkhart,148600.0,12576.0,1.0,0.7,168802.66807125718,13.6,0.8
18031,IN,Decatur,128000.0,12336.0,0.7,0.6,170665.5070476334,33.3,1.8
17163,IL,Saint Clair,97000.0,10812.0,2.0,0.1,108040.51745947998,11.4,0.6
17119,IL,Madison,115300.0,11580.0,2.0,0.3,123616.25507402494,7.2,0.4
51065,VA,Fluvanna,204300.0,16536.0,0.6,1.5,297162.5741447706,45.5,2.5
42099,PA,Perry,160300.0,14364.0,1.3,1.1,204141.69964853948,27.3,1.5
30065,MT,Musselshell,126200.0,11052.0,0.5,0.2,141436.54137329725,12.1,0.7
48077,TX,Clay,97000.0,12468.0,1.5,0.6,152171.9067768958,56.9,3.2
36081,NY,Queens,637400.0,26844.0,0.8,2.6,877228.8683920346,37.6,2.1
42043,PA,Dauphin,157000.0,15360.0,1.6,1.3,216684.30434143348,38.0,2.1
33001,NH,Belknap,236800.0,18096.0,1.6,1.7,283305.1118514034,19.6,1.1
55025,WI,Dane,268400.0,17892.0,1.9,1.7,263922.3806801014,-1.7,-0.1
39069,OH,Henry,122000.0,11868.0,1.3,0.4,143765.44844735425,17.8,1.0
37019,NC,Brunswick,236300.0,15036.0,0.6,1.2,252924.60941500493,7.0,0.4
13215,GA,Muscogee,96700.0,10080.0,0.9,0.0,114228.35020314016,18.1,1.0
22113,LA,Vermilion,72900.0,13452.0,0.3,0.9,217616.85273474522,198.5,11.0
06085,CA,Santa Clara,1321300.0,42480.0,0.8,3.2,1475977.5155916084,11.7,0.6
48451,TX,Tom Green,139100.0,14328.0,1.3,1.1,200644.08644277632,44.2,2.5
34023,NJ,Middlesex,321700.0,26172.0,2.2,2.5,445583.5671778495,38.5,2.1
55021,WI,Columbia,187600.0,13440.0,1.6,0.9,170227.68746941985,-9.3,-0.5
05033,AR,Crawford,110200.0,10752.0,0.6,0.0,131059.37642382707,18.9,1.0
04015,AZ,Mohave,207800.0,14892.0,0.6,1.2,245017.53622749625,17.9,1.0
25023,MA,Plymouth,377800.0,23976.0,1.2,2.4,487640.9868696012,29.1,1.6
37039,NC,Cherokee,141200.0,13680.0,0.6,0.9,211791.4596324312,50.0,2.8
30063,MT,Missoula,300600.0,17052.0,0.9,1.6,295468.7749274599,-1.7,-0.1
27095,MN,Mille Lacs,169800.0,15492.0,1.1,1.3,241199.62622308903,42.0,2.3
45043,SC,Georgetown,202900.0,17376.0,0.5,1.6,335967.5722686829,65.6,3.6
27049,MN,Goodhue,187100.0,16608.0,1.1,1.5,273854.49537081155,46.4,2.6
55095,WI,Polk,172600.0,12852.0,1.6,0.7,157654.8937810882,-8.7,-0.5
13137,GA,Habersham,141700.0,13560.0,0.7,0.9,201994.18078854211,42.6,2.4
39097,OH,Madison,154400.0,14112.0,1.2,1.0,198813.61462411995,28.8,1.6
39017,OH,Butler,167300.0,17028.0,1.5,1.6,262398.61107780226,56.8,3.1
29071,MO,Franklin,154200.0,9036.0,0.8,0.0,99001.89796828719,-35.8,-2.0
09005,CT,Litchfield,270000.0,19044.0,1.5,1.9,315529.6470182989,16.9,0.9
22001,LA,Acadia,90300.0,13188.0,0.3,0.8,208826.42000137913,131.3,7.3
06037,CA,Los Angeles,606900.0,32544.0,0.8,2.9,1105639.9011583342,82.2,4.6
12043,FL,Glades,92300.0,15264.0,0.8,1.3,246149.55363992264,166.7,9.2
37173,NC,Swain,145500.0,13488.0,0.4,0.9,213943.96880725853,47.0,2.6
36101,NY,Steuben,94500.0,15852.0,2.3,1.4,204401.09556859342,116.3,6.4
34041,NJ,Warren,224700.0,19668.0,2.4,1.9,281168.7722464573,25.1,1.4
47185,TN,White,105500.0,12432.0,0.5,0.6,178532.13201315253,69.2,3.8
21187,KY,Owen,136300.0,12120.0,0.7,0.5,163840.86004827748,20.2,1.1
01117,AL,Shelby,212300.0,16212.0,0.5,1.5,295333.09620356257,39.1,2.2
53045,WA,Mason,263200.0,17292.0,0.9,1.6,305068.07624452026,15.9,0.9
28045,MS,Hancock,149800.0,13680.0,0.7,0.9,208285.16175600883,39.0,2.2
12097,FL,Osceola,205300.0,16788.0,1.2,1.6,270605.7771741653,31.8,1.8
39029,OH,Columbiana,85200.0,10404.0,1.1,0.0,116101.59701881265,36.3,2.0
33019,NH,Sullivan,178700.0,17064.0,2.1,1.6,237229.4576838159,32.8,1.8
48487,TX,Wilbarger,59800.0,11616.0,1.8,0.4,128136.47297284497,114.3,6.3
56037,WY,Sweetwater,221300.0,17124.0,0.6,1.6,315089.1309140523,42.4,2.3
47161,TN,Stewart,110800.0,9588.0,0.6,0.0,112093.96604135439,1.2,0.1
20009,KS,Barton,78700.0,9060.0,1.4,0.0,90763.61095697279,15.3,0.8
48041,TX,Brazos,208400.0,18492.0,1.7,1.8,289097.5889303989,38.7,2.1
13217,GA,Newton,140900.0,13680.0,1.1,0.9,193507.98661208636,37.3,2.1
27079,MN,Le Sueur,186900.0,16512.0,1.0,1.5,273343.60432775784,46.3,2.6
46103,SD,Pennington,205700.0,16524.0,1.3,1.5,257400.22801590635,25.1,1.4
53063,WA,Spokane,230200.0,16068.0,1.0,1.4,258821.2978196346,12.4,0.7
39083,OH,Knox,138900.0,13668.0,1.3,0.9,186724.3562046969,34.4,1.9
26163,MI,Wayne,74400.0,10188.0,2.2,0.0,96532.00531408079,29.7,1.6
40047,OK,Garfield,104100.0,11220.0,0.8,0.2,138458.5503773138,33.0,1.8
05023,AR,Cleburne,132200.0,12360.0,0.5,0.6,177456.36782492817,34.2,1.9
37067,NC,Forsyth,139100.0,13680.0,1.0,0.9,195585.91052859428,40.6,2.2
37143,NC,Perquimans,167100.0,13776.0,0.6,1.0,212053.66483759947,26.9,1.5
55033,WI,Dunn,154700.0,14340.0,1.8,1.1,186481.50295188095,20.5,1.1
13015,GA,Bartow,159300.0,13440.0,0.8,0.9,197271.31178123358,23.8,1.3
55101,WI,Racine,216900.0,13680.0,2.0,0.9,167187.51101593216,-22.9,-1.3
34021,NJ,Mercer,235800.0,22980.0,2.3,2.3,362859.7657486719,53.9,3.0
37189,NC,Watauga,233100.0,15660.0,0.4,1.4,279910.8947443252,20.1,1.1
37069,NC,Franklin,161800.0,13404.0,0.9,0.9,193485.4783659192,19.6,1.1
26017,MI,Bay,85900.0,10188.0,1.6,0.0,104540.35423004407,21.7,1.2
20085,KS,Jackson,91700.0,10164.0,1.3,0.0,109429.12998481322,19.3,1.1
13225,GA,Peach,132800.0,13176.0,1.2,0.8,177620.49206443425,33.8,1.9
48379,TX,Rains,116500.0,14856.0,1.3,1.2,213670.82724389376,83.4,4.6
19113,IA,Linn,142600.0,13680.0,1.5,0.9,179311.6620605181,25.7,1.4
41019,OR,Douglas,193800.0,12816.0,0.8,0.7,180531.3203404339,-6.8,-0.4
18129,IN,Posey,143500.0,12432.0,0.8,0.6,168665.4416002368,17.5,1.0
37167,NC,Stanly,132500.0,12684.0,0.9,0.7,174435.76160940912,31.6,1.8
04027,AZ,Yuma,143200.0,10848.0,0.8,0.1,130269.24091261558,-9.0,-0.5
47019,TN,Carter,109600.0,11268.0,0.6,0.2,144234.0025578509,31.6,1.8
06097,CA,Sonoma,635800.0,35268.0,0.7,3.0,1242069.3169107025,95.4,5.3
53065,WA,Stevens,171400.0,15444.0,0.7,1.3,256655.49165557814,49.7,2.8
26069,MI,Iosco,73200.0,10416.0,1.1,0.0,115493.00055689368,57.8,3.2
37183,NC,Wake,282000.0,17952.0,0.9,1.7,325619.7484704136,15.5,0.9
48313,TX,Madison,101800.0,14412.0,0.9,1.1,220027.44871574704,116.1,6.4
01019,AL,Cherokee,109300.0,11472.0,0.4,0.3,156753.59646747482,43.4,2.4
51540,VA,Charlottesville City,284000.0,18048.0,0.8,1.7,329630.7506092508,16.1,0.9
04025,AZ,Yavapai,293900.0,19176.0,0.6,1.9,384373.19490525,30.8,1.7
51113,VA,Madison,197000.0,15924.0,0.5,1.4,286707.30936036975,45.5,2.5
54039,WV,Kanawha,96600.0,10668.0,0.6,0.0,129904.74329009424,34.5,1.9
48091,TX,Comal,308500.0,19956.0,1.2,2.0,359919.2734312814,16.7,0.9
05091,AR,Miller,106500.0,11736.0,0.6,0.4,157444.7375341749,47.8,2.7
51085,VA,Hanover,273100.0,18828.0,0.7,1.8,362341.7669710352,32.7,1.8
41041,OR,Lincoln,274200.0,17280.0,0.9,1.6,300387.53553379636,9.6,0.5
51145,VA,Powhatan,268800.0,18900.0,0.7,1.9,370242.91489317716,37.7,2.1
37105,NC,Lee,120100.0,11616.0,0.9,0.4,146837.21037765947,22.3,1.2
47015,TN,Cannon,137100.0,14268.0,0.6,1.1,227544.77837946216,66.0,3.7
45085,SC,Sumter,70300.0,10080.0,0.6,0.0,119893.30261658129,70.5,3.9
39025,OH,Clermont,166500.0,15672.0,1.4,1.4,230214.7122554451,38.3,2.1
47167,TN,Tipton,137100.0,13728.0,0.7,1.0,209503.90522990818,52.8,2.9
48271,TX,Kinney,64500.0,12132.0,1.1,0.5,152803.9442437196,136.9,7.6
42103,PA,Pike,143800.0,15420.0,1.5,1.3,223210.735105838,55.2,3.1
48439,TX,Tarrant,202400.0,18276.0,2.1,1.8,265322.42741516477,31.1,1.7
12105,FL,Polk,170500.0,14988.0,1.0,1.2,231269.35281862342,35.6,2.0
39165,OH,Warren,216500.0,19500.0,1.5,1.9,327573.28139063227,51.3,2.8
34015,NJ,Gloucester,193600.0,20976.0,2.7,2.1,298934.7012742487,54.4,3.0
26091,MI,Lenawee,128200.0,12960.0,1.6,0.8,161519.78923666448,26.0,1.4
18179,IN,Wells,121700.0,12552.0,0.6,0.6,179602.69466399887,47.6,2.6
48059,TX,Callahan,110100.0,13656.0,1.1,0.9,190194.98642681065,72.7,4.0
24015,MD,Cecil,226700.0,16200.0,1.0,1.5,265121.4477988656,16.9,0.9
10005,DE,Sussex,268200.0,16824.0,0.3,1.6,328056.01417528855,22.3,1.2
06111,CA,Ventura,597800.0,33132.0,0.8,2.9,1116996.6987474638,86.9,4.8
55029,WI,Door,174700.0,12588.0,1.1,0.7,163665.88719616143,-6.3,-0.3
06029,CA,Kern,209300.0,15552.0,1.1,1.3,240778.69106911676,15.0,0.8
01125,AL,Tuscaloosa,152400.0,14952.0,0.4,1.2,261189.90553850654,71.4,4.0
39143,OH,Sandusky,107900.0,11868.0,1.1,0.4,146685.45384421654,35.9,2.0
27083,MN,Lyon,128100.0,13764.0,1.1,1.0,194321.79351106822,51.7,2.9
11001,DC,District of Columbia,569600.0,31188.0,0.6,2.8,1087406.033818905,90.9,5.0
29029,MO,Camden,205800.0,12492.0,0.6,0.6,178081.96334781745,-13.5,-0.7
30061,MT,Mineral,139900.0,13164.0,0.7,0.8,193675.4970095944,38.4,2.1
51043,VA,Clarke,318300.0,20076.0,0.6,2.0,415472.0828609959,30.5,1.7
19129,IA,Mills,159300.0,13248.0,1.3,0.8,174127.71749059486,9.3,0.5
29027,MO,Callaway,149400.0,12084.0,0.8,0.5,161675.69024804785,8.2,0.5
48493,TX,Wilson,248700.0,18360.0,1.6,1.8,292920.2773846545,17.8,1.0
08037,CO,Eagle,732400.0,45048.0,0.5,3.2,1876511.4100435136,156.2,8.7
21021,KY,Boyle,139400.0,12552.0,0.8,0.6,172782.32635752333,23.9,1.3
47123,TN,Monroe,121000.0,13560.0,0.5,0.9,212196.59534542548,75.4,4.2
01003,AL,Baldwin,207800.0,16560.0,0.4,1.5,315830.2736384007,52.0,2.9
36115,NY,Washington,144500.0,17712.0,2.1,1.7,252767.80914181247,74.9,4.2
08049,CO,Grand,327000.0,20628.0,0.4,2.1,455558.8894397863,39.3,2.2
22095,LA,Saint John the Baptist,136800.0,14268.0,0.4,1.1,239006.94584746892,74.7,4.1
40135,OK,Sequoyah,87600.0,10164.0,0.5,0.0,122697.09337394207,40.1,2.2
37089,NC,Henderson,247600.0,16716.0,0.6,1.5,305617.3876730453,23.4,1.3
45051,SC,Horry,173000.0,15420.0,0.4,1.3,272392.68700575863,57.5,3.2
36089,NY,Saint Lawrence,80200.0,16344.0,1.8,1.5,231399.8440112752,188.5,10.4
06017,CA,El Dorado,467600.0,24444.0,0.9,2.4,538720.347590851,15.2,0.8
51735,VA,Poquoson City,304000.0,20616.0,0.9,2.1,411015.7032438183,35.2,2.0
08013,CO,Boulder,523900.0,26952.0,0.6,2.6,674004.9625137147,28.7,1.6
53073,WA,Whatcom,380200.0,18876.0,0.8,1.9,358258.4511306854,-5.8,-0.3
48159,TX,Franklin,148100.0,15720.0,1.2,1.4,243765.3615185244,64.6,3.6
29175,MO,Randolph,98200.0,10176.0,0.8,0.0,117511.64881351858,19.7,1.1
24045,MD,Wicomico,149900.0,14388.0,1.0,1.1,216577.59732141133,44.5,2.5
37081,NC,Guilford,141900.0,13092.0,1.1,0.8,178819.6319816163,26.0,1.4
12039,FL,Gadsden,92400.0,12348.0,0.8,0.6,167348.1182954539,81.1,4.5
51610,VA,Falls Church City,731700.0,37668.0,1.0,3.0,1268943.4325439718,73.4,4.1
36111,NY,Ulster,222900.0,20316.0,2.0,2.0,318774.9182336899,43.0,2.4
36021,NY,Columbia,225300.0,18444.0,1.6,1.8,293392.6660617785,30.2,1.7
40133,OK,Seminole,49200.0,8640.0,0.5,0.0,97269.4057962566,97.7,5.4
12071,FL,Lee,228600.0,20544.0,1.1,2.0,388709.666743054,70.0,3.9
13293,GA,Upson,68000.0,10164.0,0.8,0.0,116619.91234174887,71.5,4.0
28087,MS,Lowndes,134800.0,13188.0,0.6,0.8,196549.54846650318,45.8,2.5
18173,IN,Warrick,162400.0,15480.0,0.8,1.3,252378.67214565442,55.4,3.1
55035,WI,Eau Claire,162100.0,12780.0,1.7,0.7,153787.05997803214,-5.1,-0.3
36109,NY,Tompkins,203000.0,20880.0,2.3,2.1,313847.66405388963,54.6,3.0
18091,IN,La Porte,140000.0,11832.0,0.9,0.4,151224.52919828787,8.0,0.4
48255,TX,Karnes,88600.0,12468.0,1.0,0.6,164835.21219002738,86.0,4.8
17019,IL,Champaign,136600.0,13680.0,2.1,0.9,163841.8398203023,19.9,1.1
47107,TN,McMinn,114300.0,11016.0,0.5,0.1,141683.4677720365,24.0,1.3
18135,IN,Randolph,75900.0,8976.0,0.9,0.0,96917.32749682906,27.7,1.5
50027,VT,Windsor,190500.0,17736.0,1.7,1.7,268887.1508893726,41.1,2.3
36071,NY,Orange,246700.0,22608.0,2.3,2.2,352707.20413045544,43.0,2.4
40013,OK,Bryan,103700.0,11280.0,0.6,0.2,144051.3960197485,38.9,2.2
20051,KS,Ellis,169100.0,13248.0,1.3,0.8,176378.46842619785,4.3,0.2
55039,WI,Fond du Lac,143700.0,12228.0,1.8,0.6,139154.10008503334,-3.2,-0.2
08007,CO,Archuleta,333800.0,19584.0,0.4,1.9,416239.0343990384,24.7,1.4
30049,MT,Lewis and Clark,227100.0,14880.0,0.9,1.2,233898.91791663025,3.0,0.2
51125,VA,Nelson,187700.0,15924.0,0.5,1.4,283193.7867732721,50.9,2.8
37179,NC,Union,224900.0,17460.0,0.8,1.7,316139.9433404112,40.6,2.2
51047,VA,Culpeper,256800.0,19764.0,0.6,2.0,403221.3727260478,57.0,3.2
32003,NV,Clark,266200.0,15888.0,0.9,1.4,260432.28945622683,-2.2,-0.1
24047,MD,Worcester,243800.0,16044.0,0.8,1.4,270227.8450609284,10.8,0.6
05045,AR,Faulkner,145200.0,11556.0,0.6,0.3,151047.15923743846,4.0,0.2
51057,VA,Essex,174000.0,14460.0,0.7,1.1,231374.99671945893,33.0,1.8
41067,OR,Washington,406500.0,22068.0,1.1,2.2,432779.51132852834,6.5,0.4
05055,AR,Greene,99600.0,10848.0,0.6,0.1,134167.91072221898,34.7,1.9
37037,NC,Chatham,281500.0,19080.0,0.7,1.9,370566.8151275082,31.6,1.8
28145,MS,Union,163300.0,14388.0,0.5,1.1,238186.87802662753,45.9,2.5
41057,OR,Tillamook,287100.0,18744.0,0.7,1.8,362285.2625690644,26.2,1.5
30101,MT,Toole,139800.0,12696.0,0.9,0.7,172654.26888118958,23.5,1.3
19193,IA,Woodbury,113200.0,11916.0,1.6,0.5,138158.72288838107,22.0,1.2
13039,GA,Camden,153700.0,13716.0,1.0,1.0,197702.6022257321,28.6,1.6
13311,GA,White,169500.0,13692.0,0.9,0.9,201325.15453128426,18.8,1.0
48029,TX,Bexar,174500.0,15528.0,2.0,1.3,207442.97853261995,18.9,1.0
26093,MI,Livingston,260700.0,19680.0,1.3,1.9,345724.0729776361,32.6,1.8
18071,IN,Jackson,126100.0,11952.0,0.6,0.5,161767.465663128,28.3,1.6
53075,WA,Whitman,242300.0,16152.0,0.9,1.4,267118.24503828125,10.2,0.6
12101,FL,Pasco,174500.0,15744.0,1.1,1.4,248105.0748114641,42.2,2.3
26117,MI,Montcalm,92300.0,11064.0,1.4,0.2,123969.42386439435,34.3,1.9
13221,GA,Oglethorpe,152100.0,14172.0,0.7,1.1,222694.95612474304,46.4,2.6
28117,MS,Prentiss,87400.0,10080.0,0.5,0.0,121524.60923919556,39.0,2.2
34003,NJ,Bergen,462300.0,29124.0,1.9,2.7,550687.7053968144,19.1,1.1
13051,GA,Chatham,163100.0,15180.0,0.9,1.3,240290.73183622217,47.3,2.6
37107,NC,Lenoir,94000.0,10404.0,1.0,0.0,117236.31540590248,24.7,1.4
06065,CA,Riverside,373300.0,24120.0,1.1,2.4,497886.3322953689,33.4,1.8
12031,FL,Duval,172100.0,14832.0,1.1,1.2,223887.81148223818,30.1,1.7
47113,TN,Madison,109600.0,10800.0,0.8,0.1,129244.27696684618,17.9,1.0
13257,GA,Stephens,104100.0,12048.0,1.0,0.5,154924.29818779285,48.8,2.7
51033,VA,Caroline,181500.0,14988.0,0.6,1.2,249479.18036172987,37.5,2.1
27067,MN,Kandiyohi,156500.0,14904.0,1.0,1.2,227905.5536135682,45.6,2.5
40137,OK,Stephens,63200.0,8664.0,0.6,0.0,96020.84540595119,51.9,2.9
25001,MA,Barnstable,418000.0,21780.0,0.7,2.2,466248.5431428233,11.5,0.6
48015,TX,Austin,198600.0,17268.0,1.2,1.6,282104.54187925445,42.0,2.3
54069,WV,Ohio,105000.0,11376.0,0.6,0.3,147075.3371326937,40.1,2.2
41011,OR,Coos,192500.0,15312.0,0.9,1.3,246098.1959570691,27.8,1.5
45007,SC,Anderson,145200.0,12036.0,0.6,0.5,165103.41864226418,13.7,0.8
13045,GA,Carroll,140200.0,11940.0,0.8,0.5,156794.78824400326,11.8,0.7
48053,TX,Burnet,196100.0,16980.0,1.2,1.6,278221.16898181004,41.9,2.3
17053,IL,Ford,79500.0,13368.0,2.0,0.9,159004.83366637482,100.0,5.5
42129,PA,Westmoreland,126600.0,11340.0,1.5,0.3,127466.29463784512,0.7,0.0
39007,OH,Ashtabula,90500.0,10824.0,1.3,0.1,119568.39184654155,32.1,1.8
27035,MN,Crow Wing,177400.0,14976.0,0.7,1.2,242996.0036639656,37.0,2.0
22005,LA,Ascension,201100.0,18516.0,0.5,1.8,376379.3554058145,87.2,4.8
18145,IN,Shelby,131600.0,12816.0,0.8,0.7,179247.61124701085,36.2,2.0
47011,TN,Bradley,144900.0,11976.0,0.6,0.5,162778.76525198665,12.3,0.7
13123,GA,Gilmer,193800.0,16080.0,0.6,1.4,282863.70054428995,46.0,2.5
19181,IA,Warren,184700.0,14868.0,1.5,1.2,208255.51044591443,12.8,0.7
18009,IN,Blackford,70300.0,8388.0,0.8,0.0,88958.71372697137,26.5,1.5
17143,IL,Peoria,100400.0,10788.0,2.1,0.1,106112.63431794163,5.7,0.3
53033,WA,King,634500.0,29196.0,1.0,2.7,924609.9185438545,45.7,2.5
02020,AK,Anchorage,340400.0,22140.0,1.3,2.2,419306.2064803812,23.2,1.3
16051,ID,Jefferson,209000.0,14004.0,0.7,1.0,216227.59859482886,3.5,0.2
08083,CO,Montezuma,218400.0,15924.0,0.4,1.4,291789.3763405016,33.6,1.9
18097,IN,Marion,131300.0,13488.0,1.1,0.9,188394.72677517933,43.5,2.4
05071,AR,Johnson,91600.0,9588.0,0.4,0.0,116321.70047399486,27.0,1.5
55111,WI,Sauk,173000.0,13248.0,1.7,0.8,164354.2332777814,-5.0,-0.3
16041,ID,Franklin,214800.0,13608.0,0.6,0.9,208775.05783397413,-2.8,-0.2
16027,ID,Canyon,200300.0,13680.0,0.9,0.9,197591.84277506682,-1.4,-0.1
42071,PA,Lancaster,201500.0,14400.0,1.5,1.1,198366.7122134521,-1.6,-0.1
05035,AR,Crittenden,87300.0,10548.0,0.7,0.0,124781.03109698292,42.9,2.4
13103,GA,Effingham,176700.0,15552.0,1.1,1.3,243703.39669348803,37.9,2.1
36073,NY,Orleans,102300.0,15312.0,2.9,1.3,176975.1352052902,73.0,4.0
45083,SC,Spartanburg,136300.0,13776.0,0.6,1.0,212604.18571934354,56.0,3.1
36107,NY,Tioga,122600.0,16572.0,2.2,1.5,221010.28592045154,80.3,4.4
47115,TN,Marion,104300.0,12936.0,0.5,0.8,193815.64284905168,85.8,4.8
36077,NY,Otsego,131300.0,15072.0,1.6,1.2,211341.25096666598,61.0,3.4
36037,NY,Genesee,116900.0,16452.0,2.5,1.5,209745.12682275687,79.4,4.4
51830,VA,Williamsburg City,253400.0,18336.0,0.5,1.8,362855.0350013197,43.2,2.4
27137,MN,Saint Louis,146200.0,14124.0,0.9,1.0,209521.68544639274,43.3,2.4
40143,OK,Tulsa,140000.0,12552.0,1.1,0.6,163279.67056589323,16.6,0.9
39155,OH,Trumbull,82600.0,9576.0,1.5,0.0,97448.86231589985,18.0,1.0
51003,VA,Albemarle,331100.0,20952.0,0.7,2.1,443712.1110349264,34.0,1.9
36007,NY,Broome,114100.0,14400.0,2.4,1.1,170762.02382819436,49.7,2.8
18111,IN,Newton,109000.0,11856.0,0.9,0.4,152208.47399923872,39.6,2.2
53059,WA,Skamania,331000.0,19044.0,0.8,1.9,368965.45295911294,11.5,0.6
42015,PA,Bradford,132700.0,10884.0,1.1,0.1,124013.45727863682,-6.5,-0.4
16079,ID,Shoshone,118400.0,10884.0,0.7,0.1,132456.20074828976,11.9,0.7
37063,NC,Durham,217300.0,16428.0,1.2,1.5,263387.5104357627,21.2,1.2
12011,FL,Broward,256700.0,21684.0,1.3,2.2,407741.4474913358,58.8,3.3
37077,NC,Granville,151500.0,14184.0,0.9,1.1,213530.26132178277,40.9,2.3
06057,CA,Nevada,449400.0,22416.0,0.8,2.2,479617.0795827495,6.7,0.4
01069,AL,Houston,130600.0,11280.0,0.3,0.2,152971.07275258875,17.1,0.9
36067,NY,Onondaga,138300.0,16632.0,2.6,1.5,210415.89978452135,52.1,2.9
47187,TN,Williamson,453700.0,29268.0,0.6,2.7,773644.0266367171,70.5,3.9
24027,MD,Howard,442600.0,28812.0,1.1,2.7,649915.43584279,46.8,2.6
13183,GA,Long,154200.0,14352.0,1.2,1.1,207095.1765308057,34.3,1.9
06113,CA,Yolo,425000.0,24168.0,0.9,2.4,527081.931273621,24.0,1.3
56017,WY,Hot Springs,150000.0,11352.0,0.5,0.3,150493.41999298419,0.3,0.0
42069,PA,Lackawanna,120200.0,14100.0,1.4,1.0,192041.74236586792,59.8,3.3
26057,MI,Gratiot,84800.0,10104.0,1.3,0.0,107289.91469383695,26.5,1.5
26031,MI,Cheboygan,102700.0,11664.0,0.9,0.4,146597.6982104856,42.7,2.4
20045,KS,Douglas,194800.0,16128.0,1.3,1.4,250138.65581929672,28.4,1.6
39051,OH,Fulton,133500.0,13140.0,1.4,0.8,168671.97765890384,26.3,1.5
41039,OR,Lane,282400.0,17196.0,1.0,1.6,294044.0779790941,4.1,0.2
29007,MO,Audrain,100100.0,10716.0,0.9,0.0,124836.08541933326,24.7,1.4
13279,GA,Toombs,106300.0,12024.0,0.8,0.5,158268.85506804098,48.9,2.7
19139,IA,Muscatine,142700.0,13680.0,1.5,0.9,180803.85414589933,26.7,1.5
26099,MI,Macomb,168900.0,15456.0,1.8,1.3,210602.67251590587,24.7,1.4
48073,TX,Cherokee,87200.0,13236.0,1.3,0.8,175609.19358000654,101.4,5.6
12055,FL,Highlands,127200.0,13680.0,0.9,0.9,199391.62969542228,56.8,3.1
13177,GA,Lee,142900.0,13824.0,1.0,1.0,199272.8878382449,39.4,2.2
47063,TN,Hamblen,124900.0,11364.0,0.6,0.3,148412.49118918672,18.8,1.0
08031,CO,Denver,414700.0,25092.0,0.6,2.4,608944.930012774,46.8,2.6
15001,HI,Hawaii,354900.0,20844.0,0.3,2.1,478062.7450126874,34.7,1.9
27007,MN,Beltrami,151900.0,15504.0,1.0,1.3,247147.50476903524,62.7,3.5
48475,TX,Ward,97800.0,12156.0,0.8,0.5,162000.7174800554,65.6,3.6
42077,PA,Lehigh,193600.0,17988.0,1.7,1.7,277543.6096268361,43.4,2.4
17115,IL,Macon,73900.0,11364.0,2.0,0.3,118110.81506615852,59.8,3.3
21221,KY,Trigg,106000.0,10836.0,0.6,0.1,134919.92435827793,27.3,1.5
48417,TX,Shackelford,85400.0,11952.0,1.7,0.5,136468.88605994228,59.8,3.3
39147,OH,Seneca,92100.0,11292.0,1.1,0.2,133060.70339774634,44.5,2.5
05125,AR,Saline,156500.0,13920.0,0.7,1.0,214242.50275594898,36.9,2.0
37009,NC,Ashe,132900.0,13944.0,0.5,1.0,223326.64791445303,68.0,3.8
45045,SC,Greenville,187600.0,16656.0,0.7,1.5,298842.73846274783,59.3,3.3
13237,GA,Putnam,188500.0,16056.0,0.5,1.4,288607.75576434296,53.1,2.9
53055,WA,San Juan,576500.0,22092.0,0.6,2.2,696049.1117993857,20.7,1.1
27053,MN,Hennepin,276500.0,20964.0,1.3,2.1,385049.42033805954,39.3,2.2
55109,WI,Saint Croix,266800.0,18696.0,1.5,1.8,304795.25244159414,14.2,0.8
48259,TX,Kendall,344500.0,24732.0,1.2,2.4,503180.45643732586,46.1,2.6
38017,ND,Cass,227000.0,16608.0,1.6,1.5,249174.67749661827,9.8,0.5
20087,KS,Jefferson,126300.0,12288.0,1.4,0.6,149765.5640904169,18.6,1.0
08019,CO,Clear Creek,341600.0,20892.0,0.5,2.1,453463.89545754524,32.7,1.8
13085,GA,Dawson,240500.0,17016.0,0.8,1.6,299854.02935801336,24.7,1.4
06059,CA,Orange,719500.0,37008.0,0.7,3.0,1348772.72060311,87.5,4.8
18069,IN,Huntington,92900.0,10536.0,0.8,0.0,122360.40122872745,31.7,1.8
13297,GA,Walton,187900.0,15084.0,1.0,1.3,231840.16206228876,23.4,1.3
48099,TX,Coryell,102400.0,10692.0,1.4,0.0,115099.39793267184,12.4,0.7
33011,NH,Hillsborough,277900.0,22128.0,2.1,2.2,358398.2328069603,29.0,1.6
21019,KY,Boyd,90700.0,12492.0,0.7,0.6,173240.23165647037,91.0,5.0
48187,TX,Guadalupe,226000.0,17916.0,1.6,1.7,280053.8208182775,23.9,1.3
41053,OR,Polk,296400.0,18204.0,1.1,1.8,319916.765772861,7.9,0.4
34039,NJ,Union,336100.0,22152.0,2.3,2.2,346898.9045150808,3.2,0.2
42055,PA,Franklin,167500.0,13668.0,1.1,0.9,191025.6744961031,14.0,0.8
48299,TX,Llano,236700.0,18096.0,1.0,1.7,318947.9613827324,34.7,1.9
51137,VA,Orange,217800.0,16080.0,0.6,1.4,285411.30924084276,31.0,1.7
26041,MI,Delta,92500.0,10620.0,1.3,0.0,115802.26111107637,25.2,1.4
56025,WY,Natrona,204600.0,12288.0,0.6,0.6,171881.8698377226,-16.0,-0.9
26123,MI,Newaygo,90600.0,11244.0,1.4,0.2,126730.21307103758,39.9,2.2
13067,GA,Cobb,245900.0,19092.0,0.9,1.9,361162.73172401974,46.9,2.6
55055,WI,Jefferson,191800.0,14376.0,1.7,1.1,189071.40652686622,-1.4,-0.1
18087,IN,Lagrange,160500.0,13632.0,0.7,0.9,205327.48739503848,27.9,1.5
41027,OR,Hood River,422400.0,21636.0,0.7,2.2,462421.7726490278,9.5,0.5
47103,TN,Lincoln,107600.0,11832.0,0.5,0.4,161672.00920455903,50.3,2.8
28035,MS,Forrest,124600.0,12456.0,0.8,0.6,171471.3577790765,37.6,2.1
13175,GA,Laurens,93200.0,11352.0,0.7,0.3,144287.07212133406,54.8,3.0
41015,OR,Curry,308600.0,17988.0,0.7,1.7,341991.45820917754,10.8,0.6
04009,AZ,Graham,152000.0,14076.0,0.6,1.0,222349.27837482773,46.3,2.6
47001,TN,Anderson,137600.0,11052.0,0.8,0.2,135021.90137497566,-1.9,-0.1
42041,PA,Cumberland,197200.0,16380.0,1.2,1.5,261551.76683189237,32.6,1.8
12081,FL,Manatee,252300.0,20880.0,1.1,2.1,398150.03313863743,57.8,3.2
48485,TX,Wichita,87400.0,10332.0,1.9,0.0,102741.91682801097,17.6,1.0
27055,MN,Houston,171400.0,15012.0,1.1,1.2,229361.11451419996,33.8,1.9
48441,TX,Taylor,128200.0,12420.0,1.4,0.6,152991.50029578552,19.3,1.1
39037,OH,Darke,113900.0,11976.0,1.0,0.5,151691.4398937363,33.2,1.8
21035,KY,Calloway,129400.0,11904.0,0.7,0.5,158510.60121900495,22.5,1.2
51800,VA,Suffolk City,230700.0,17988.0,0.8,1.7,330679.6779961841,43.3,2.4
53011,WA,Clark,343200.0,21900.0,1.1,2.2,426673.90974166046,24.3,1.3
26037,MI,Clinton,171400.0,14388.0,1.6,1.1,194808.34541934993,13.7,0.8
25009,MA,Essex,432200.0,27852.0,1.2,2.6,614043.2567004814,42.1,2.3
22047,LA,Iberville,92500.0,13596.0,0.3,0.9,221272.27652950308,139.2,7.7
55047,WI,Green Lake,131300.0,12324.0,1.6,0.6,146966.81539666204,11.9,0.7
27145,MN,Stearns,181000.0,15936.0,1.1,1.4,254528.2536803765,40.6,2.3
37083,NC,Halifax,76200.0,10044.0,1.0,0.0,111942.81496745018,46.9,2.6
53067,WA,Thurston,305500.0,19740.0,1.1,2.0,366874.7693425514,20.1,1.1
06039,CA,Madera,241800.0,15468.0,0.8,1.3,253903.41512387947,5.0,0.3
29157,MO,Perry,136700.0,10452.0,0.7,0.0,124177.26588879408,-9.2,-0.5
48139,TX,Ellis,210200.0,18792.0,1.7,1.8,297320.68299133267,41.4,2.3
18123,IN,Perry,102000.0,10476.0,0.8,0.0,121547.08813301317,19.2,1.1
29031,MO,Cape Girardeau,146400.0,10776.0,0.7,0.1,129569.90244953119,-11.5,-0.6
17161,IL,Rock Island,101100.0,10260.0,2.1,0.0,98377.64657430127,-2.7,-0.1
48337,TX,Montague,98500.0,13464.0,1.1,0.9,186073.64163395637,88.9,4.9
42079,PA,Luzerne,99700.0,10200.0,1.5,0.0,106239.23432746597,6.6,0.4
13097,GA,Douglas,158500.0,14568.0,1.1,1.1,217495.89361436633,37.2,2.1
51073,VA,Gloucester,221600.0,16692.0,0.6,1.5,301763.8536579755,36.2,2.0
41059,OR,Umatilla,170300.0,15048.0,1.1,1.2,227788.20852922252,33.8,1.9
01115,AL,Saint Clair,162600.0,14928.0,0.3,1.2,264497.37081575894,62.7,3.5
10003,DE,New Castle,229600.0,17988.0,0.7,1.7,340785.2423399371,48.4,2.7
47105,TN,Loudon,191600.0,13764.0,0.4,1.0,220503.75438263916,15.1,0.8
12117,FL,Seminole,243900.0,18540.0,1.1,1.8,329161.70345757605,35.0,1.9
21111,KY,Jefferson,157500.0,14328.0,0.9,1.1,215894.03697823282,37.1,2.1
29051,MO,Cole,154000.0,11184.0,0.9,0.2,135954.51534214136,-11.7,-0.6
40009,OK,Beckham,90200.0,9960.0,0.6,0.0,117222.38091345433,30.0,1.7
24043,MD,Washington,188800.0,14220.0,1.0,1.1,210614.76123086322,11.6,0.6
53035,WA,Kitsap,352100.0,21012.0,1.0,2.1,413429.85942036926,17.4,1.0
36087,NY,Rockland,453700.0,35196.0,2.2,3.0,680117.252907395,49.9,2.8
48147,TX,Fannin,92500.0,14220.0,1.4,1.1,194566.36184788405,110.3,6.1
20041,KS,Dickinson,94000.0,10080.0,1.3,0.0,107542.34004304165,14.4,0.8
42075,PA,Lebanon,166900.0,13716.0,1.3,1.0,186478.66233860314,11.7,0.6
19099,IA,Jasper,127800.0,12576.0,1.5,0.7,155184.6240004345,21.4,1.2
13089,GA,Dekalb,187400.0,16188.0,1.2,1.5,256220.26793071875,36.7,2.0
55045,WI,Green,161400.0,13188.0,1.8,0.8,159538.0294535753,-1.2,-0.1
48027,TX,Bell,133200.0,12852.0,1.6,0.7,157317.70874713734,18.1,1.0
20057,KS,Ford,116600.0,10776.0,1.6,0.1,113110.4211388823,-3.0,-0.2
39031,OH,Coshocton,90500.0,10452.0,1.1,0.0,116338.48774730369,28.6,1.6
30057,MT,Madison,212300.0,14064.0,0.4,1.0,230203.9043633142,8.4,0.5
31067,NE,Gage,106700.0,13620.0,1.6,0.9,176088.77466319926,65.0,3.6
35043,NM,Sandoval,194800.0,15216.0,0.8,1.3,246110.22645276136,26.3,1.5
27163,MN,Washington,291400.0,21576.0,1.1,2.1,422255.6796009905,44.9,2.5
41007,OR,Clatsop,286100.0,18564.0,0.8,1.8,349752.1306180576,22.2,1.2
20111,KS,Lyon,90700.0,9336.0,1.5,0.0,93689.58347484766,3.3,0.2
53041,WA,Lewis,225500.0,14064.0,0.9,1.0,210730.0238387032,-6.5,-0.4
34037,NJ,Sussex,229400.0,22068.0,2.4,2.2,333880.1157498794,45.5,2.5
48281,TX,Lampasas,159200.0,15072.0,1.5,1.2,214030.0925665798,34.4,1.9
26111,MI,Midland,127200.0,12480.0,1.6,0.6,149478.43665995702,17.5,1.0
51163,VA,Rockbridge,184200.0,15036.0,0.6,1.2,251590.4370510342,36.6,2.0
48477,TX,Washington,184000.0,16788.0,1.2,1.6,270328.4935761454,46.9,2.6
51680,VA,Lynchburg City,136300.0,11352.0,0.9,0.3,138952.17202439962,1.9,0.1
22043,LA,Grant,85400.0,13164.0,0.2,0.8,210136.68279765864,146.1,8.1
22101,LA,Saint Mary,85600.0,12540.0,0.4,0.6,186132.1345759404,117.4,6.5
36119,NY,Westchester,616100.0,41232.0,1.8,3.1,1130411.6666423895,83.5,4.6
12095,FL,Orange,240000.0,18300.0,1.1,1.8,317248.31836749904,32.2,1.8
18095,IN,Madison,89300.0,9780.0,0.9,0.0,108707.58314488387,21.7,1.2
30111,MT,Yellowstone,224100.0,15216.0,0.9,1.3,242821.5361306679,8.4,0.5
30053,MT,Lincoln,160700.0,10896.0,0.6,0.1,134388.29671618147,-16.4,-0.9
48009,TX,Archer,137100.0,16104.0,1.3,1.4,249374.15011095908,81.9,4.5
48401,TX,Rusk,124100.0,14280.0,1.0,1.1,212086.58077894116,70.9,3.9
18103,IN,Miami,76400.0,9216.0,0.6,0.0,106551.32153442723,39.5,2.2
13247,GA,Rockdale,154200.0,14388.0,0.9,1.1,217477.8141136262,41.0,2.3
48251,TX,Johnson,188500.0,17532.0,1.6,1.7,271710.82055580785,44.1,2.4
34031,NJ,Passaic,329600.0,21396.0,2.5,2.1,313399.72357364726,-4.9,-0.3
51179,VA,Stafford,330500.0,22176.0,0.9,2.2,464776.54456687375,40.6,2.3
51015,VA,Augusta,204800.0,16068.0,0.5,1.4,290151.6769390874,41.7,2.3
51079,VA,Greene,221700.0,16596.0,0.7,1.5,293826.74643366074,32.5,1.8
27059,MN,Isanti,192400.0,16716.0,1.1,1.5,273971.21492707357,42.4,2.3
54107,WV,Wood,100500.0,10308.0,0.6,0.0,123352.58120754489,22.7,1.3
27097,MN,Morrison,186000.0,15312.0,0.9,1.3,243853.04399383272,31.1,1.7
17197,IL,Will,217100.0,20328.0,2.5,2.0,293743.0394011112,35.3,2.0
21047,KY,Christian,108400.0,10680.0,0.7,0.0,128180.78923577716,18.2,1.0
39153,OH,Summit,130000.0,12732.0,1.7,0.7,152726.26144273192,17.5,1.0
33003,NH,Carroll,244000.0,18852.0,1.2,1.8,331209.8043372242,35.7,2.0
37035,NC,Catawba,136000.0,11364.0,0.7,0.3,144461.50175496357,6.2,0.3
51670,VA,Hopewell City,110200.0,11208.0,0.9,0.2,136670.95086715074,24.0,1.3
40131,OK,Rogers,157100.0,11400.0,0.8,0.3,143236.92443210617,-8.8,-0.5
27037,MN,Dakota,274500.0,20940.0,1.1,2.1,397341.5396055591,44.8,2.5
26125,MI,Oakland,245600.0,20352.0,1.7,2.0,336512.73029200366,37.0,2.1
51127,VA,New Kent,247600.0,17856.0,0.8,1.7,330644.1822858723,33.5,1.9
47043,TN,Dickson,158200.0,13812.0,0.6,1.0,213728.04527853918,35.1,1.9
47031,TN,Coffee,131800.0,13680.0,0.8,0.9,202098.22004845407,53.3,3.0
24041,MD,Talbot,302600.0,20244.0,0.5,2.0,436018.08757530205,44.1,2.4
48245,TX,Jefferson,95100.0,13812.0,1.6,1.0,179166.268360784,88.4,4.9
18057,IN,Hamilton,260900.0,20364.0,1.0,2.0,390548.47075638623,49.7,2.8
06031,CA,Kings,208300.0,13920.0,0.9,1.0,206019.9132313654,-1.1,-0.1
23019,ME,Penobscot,143800.0,14916.0,1.4,1.2,214789.74519254128,49.4,2.7
48021,TX,Bastrop,188600.0,16776.0,1.7,1.6,247666.4698190003,31.3,1.7
06019,CA,Fresno,243100.0,16092.0,0.9,1.4,265298.99842577515,9.1,0.5
24021,MD,Frederick,310500.0,21600.0,1.2,2.2,414780.78731468617,33.6,1.9
08075,CO,Logan,132000.0,15720.0,0.5,1.4,278801.4687598918,111.2,6.2
22063,LA,Livingston,158800.0,16164.0,0.5,1.5,294688.0426289282,85.6,4.7
13021,GA,Bibb,95200.0,11292.0,1.2,0.2,132926.05936696855,39.6,2.2
13171,GA,Lamar,121300.0,11868.0,1.0,0.4,150749.45580710509,24.3,1.3
12089,FL,Nassau,263900.0,19092.0,1.0,1.9,353916.74404449173,34.1,1.9
26087,MI,Lapeer,163000.0,13584.0,1.2,0.9,185265.74228824791,13.7,0.8
51023,VA,Botetourt,185900.0,14832.0,0.6,1.2,246011.78794696098,32.3,1.8
19187,IA,Webster,84200.0,8904.0,1.4,0.0,88610.95242752983,5.2,0.3
36093,NY,Schenectady,169900.0,17592.0,2.5,1.7,233073.9001159524,37.2,2.1
51087,VA,Henrico,229800.0,17304.0,0.8,1.6,310019.0130862185,34.9,1.9
16075,ID,Payette,180000.0,13644.0,0.7,0.9,204747.5322573265,13.7,0.8
13011,GA,Banks,170700.0,14340.0,0.8,1.1,223275.31512225192,30.8,1.7
34019,NJ,Hunterdon,380400.0,29280.0,2.2,2.7,531693.0642628751,39.8,2.2
16009,ID,Benewah,191200.0,13680.0,0.5,0.9,213194.21523916064,11.5,0.6
48143,TX,Erath,132500.0,14592.0,1.1,1.1,214589.12331933732,62.0,3.4
47093,TN,Knox,174200.0,14892.0,0.7,1.2,242434.06937771663,39.2,2.2
26055,MI,Grand Traverse,214300.0,16872.0,1.2,1.6,272703.7591291998,27.3,1.5
51109,VA,Louisa,205300.0,16200.0,0.5,1.5,291811.4237927071,42.1,2.3
37171,NC,Surry,108400.0,11628.0,0.7,0.4,150256.30501945643,38.6,2.1
13129,GA,Gordon,126500.0,13296.0,0.8,0.8,192504.0475971758,52.2,2.9
48391,TX,Refugio,77800.0,13956.0,1.0,1.0,203715.31992764166,161.8,9.0
12111,FL,Saint Lucie,206800.0,18000.0,1.4,1.7,294632.54615638335,42.5,2.4
17085,IL,Jo Daviess,121300.0,14508.0,1.6,1.1,195814.58381818465,61.4,3.4
47085,TN,Humphreys,104400.0,11400.0,0.5,0.3,150632.43041334552,44.3,2.5
34035,NJ,Somerset,400800.0,28704.0,1.9,2.7,542416.4633224871,35.3,2.0
27139,MN,Scott,279300.0,22704.0,1.2,2.3,449583.162662612,61.0,3.4
12113,FL,Santa Rosa,198700.0,15864.0,0.9,1.4,262848.00513019494,32.3,1.8
53001,WA,Adams,168700.0,15048.0,1.0,1.2,232498.1910853947,37.8,2.1
18043,IN,Floyd,156800.0,14532.0,0.8,1.1,228140.24582802312,45.5,2.5
18183,IN,Whitley,147300.0,13524.0,0.8,0.9,198696.3846775225,34.9,1.9
40123,OK,Pontotoc,94500.0,10728.0,0.5,0.0,132847.283092731,40.6,2.2
06077,CA,San Joaquin,355300.0,19872.0,1.0,2.0,374486.99277782947,5.4,0.3
55141,WI,Wood,113300.0,11460.0,1.7,0.3,125546.80302305422,10.8,0.6
46135,SD,Yankton,166000.0,14388.0,1.4,1.1,201534.72389224154,21.4,1.2
55079,WI,Milwaukee,153500.0,13668.0,2.4,0.9,155966.17005193804,1.6,0.1
41003,OR,Benton,350200.0,22176.0,1.1,2.2,442439.90201461414,26.3,1.5
38067,ND,Pembina,81300.0,9408.0,1.1,0.0,100621.7549395182,23.8,1.3
04003,AZ,Cochise,139200.0,10704.0,0.8,0.0,127040.94567351943,-8.7,-0.5
37001,NC,Alamance,143000.0,11976.0,0.8,0.5,157685.09327837717,10.3,0.6
19125,IA,Marion,137100.0,13584.0,1.3,0.9,183153.928701165,33.6,1.9
17111,IL,McHenry,211700.0,19992.0,2.6,2.0,280748.1200290871,32.6,1.8
19157,IA,Poweshiek,144500.0,11952.0,1.2,0.5,146527.9469197059,1.4,0.1
48265,TX,Kerr,191300.0,18000.0,1.2,1.7,304011.58188069967,58.9,3.3
30095,MT,Stillwater,193100.0,12744.0,0.6,0.7,182872.96482729088,-5.3,-0.3
16057,ID,Latah,234400.0,15348.0,0.8,1.3,250561.99502937734,6.9,0.4
18161,IN,Union,91300.0,9816.0,1.0,0.0,109018.11083188493,19.4,1.1
51031,VA,Campbell,146800.0,11988.0,0.5,0.5,166855.8035839786,13.7,0.8
16053,ID,Jerome,177000.0,12312.0,0.7,0.6,168616.95920695658,-4.7,-0.3
39049,OH,Franklin,173300.0,16044.0,2.0,1.4,216514.19661394093,24.9,1.4
16065,ID,Madison,225700.0,13188.0,0.8,0.8,191032.23048882827,-15.4,-0.9
19013,IA,Black Hawk,127200.0,12048.0,1.5,0.5,142231.6791687045,11.8,0.7
39119,OH,Muskingum,105900.0,10776.0,1.2,0.1,120376.7498781489,13.7,0.8
17027,IL,Clinton,113400.0,13512.0,1.7,0.9,169264.55878241008,49.3,2.7
18023,IN,Clinton,94600.0,10320.0,0.7,0.0,120794.26076461427,27.7,1.5
48043,TX,Brewster,192400.0,15936.0,1.2,1.4,247497.28435602662,28.6,1.6
09013,CT,Tolland,216500.0,19680.0,1.8,1.9,312112.7332357338,44.2,2.4
39171,OH,Williams,93700.0,11136.0,1.3,0.2,126328.86815876391,34.8,1.9
22103,LA,Saint Tammany,187200.0,17640.0,0.8,1.7,322351.68708939,72.2,4.0
51600,VA,Fairfax City,505000.0,29688.0,0.9,2.7,730239.9790956053,44.6,2.5
19103,IA,Johnson,219600.0,17988.0,1.4,1.7,292741.79643449787,33.3,1.8
06027,CA,Inyo,344100.0,20352.0,0.6,2.0,424839.0029142299,23.5,1.3
45073,SC,Oconee,152800.0,12528.0,0.5,0.6,182350.37515742355,19.3,1.1
01113,AL,Russell,86400.0,10104.0,0.4,0.0,124265.71620996823,43.8,2.4
26115,MI,Monroe,152200.0,12504.0,1.4,0.6,156073.96550429572,2.5,0.1
48231,TX,Hunt,108400.0,13200.0,1.6,0.8,166594.18552378827,53.7,3.0
12131,FL,Walton,357800.0,24768.0,0.6,2.4,599905.9061962487,67.7,3.7
51187,VA,Warren,210500.0,15024.0,0.7,1.2,247949.37877360053,17.8,1.0
36055,NY,Monroe,141600.0,16788.0,2.9,1.6,204219.21396675787,44.2,2.4
39079,OH,Jackson,86400.0,10200.0,1.0,0.0,113794.13603143014,31.7,1.8
49013,UT,Duchesne,207700.0,11340.0,0.6,0.3,145781.43794540316,-29.8,-1.7
36025,NY,Delaware,137100.0,17028.0,1.6,1.6,256143.82081344837,86.8,4.8
19153,IA,Polk,181800.0,15588.0,1.7,1.3,218030.32117830424,19.9,1.1
48179,TX,Gray,78200.0,11952.0,1.6,0.5,138513.79158273793,77.1,4.3
12107,FL,Putnam,103900.0,13596.0,0.9,0.9,198739.21656773676,91.3,5.1
48309,TX,McLennan,142400.0,14280.0,1.7,1.1,187132.61593537868,31.4,1.7
21151,KY,Madison,155900.0,13680.0,0.8,0.9,202911.26373109757,30.2,1.7
48055,TX,Caldwell,142200.0,14868.0,1.5,1.2,207805.92924429014,46.1,2.6
08077,CO,Mesa,228300.0,14388.0,0.5,1.1,235259.31209165382,3.0,0.2
04013,AZ,Maricopa,262900.0,16776.0,0.7,1.6,298702.94426457543,13.6,0.8
27025,MN,Chisago,229900.0,17520.0,1.2,1.7,290861.84601108363,26.5,1.5
55061,WI,Kewaunee,139900.0,10536.0,1.7,0.0,108429.25548165647,-22.5,-1.2
29510,MO,Saint Louis City,119400.0,11628.0,1.0,0.4,143743.31019922032,20.4,1.1
42051,PA,Fayette,87300.0,10932.0,1.2,0.1,123635.15881105876,41.6,2.3
06073,CA,San Diego,584100.0,31056.0,0.8,2.8,1024709.4264954621,75.4,4.2
13153,GA,Houston,128900.0,11892.0,1.0,0.4,150363.59404335843,16.7,0.9
47119,TN,Maury,192300.0,15048.0,0.7,1.2,247138.18691934526,28.5,1.6
42011,PA,Berks,173600.0,14988.0,1.9,1.2,196922.15874187445,13.4,0.7
53077,WA,Yakima,195700.0,14268.0,1.0,1.1,211495.2033224754,8.1,0.4
55085,WI,Oneida,154400.0,12192.0,1.1,0.5,154892.10598893976,0.3,0.0
55015,WI,Calumet,173400.0,12720.0,1.8,0.7,150665.2937080933,-13.1,-0.7
39141,OH,Ross,113300.0,11772.0,1.1,0.4,144710.7418060948,27.7,1.5
21005,KY,Anderson,146500.0,13020.0,0.8,0.8,185094.1601376024,26.3,1.5
45027,SC,Clarendon,101900.0,11388.0,0.5,0.3,149603.0031107035,46.8,2.6
51149,VA,Prince George,193800.0,16092.0,0.7,1.4,279874.96980866784,44.4,2.5
04019,AZ,Pima,197200.0,14424.0,1.0,1.1,217072.23935766993,10.1,0.6
53021,WA,Franklin,224100.0,16044.0,1.1,1.4,254938.87288023485,13.8,0.8
12001,FL,Alachua,178000.0,15660.0,1.2,1.4,239840.72503629685,34.7,1.9
29077,MO,Greene,136800.0,10116.0,0.8,0.0,116374.33414652491,-14.9,-0.8
28059,MS,Jackson,117300.0,12288.0,0.8,0.6,166810.69689447572,42.2,2.3
48453,TX,Travis,336100.0,21588.0,1.8,2.2,365340.3810888414,8.7,0.5
19045,IA,Clinton,106700.0,11196.0,1.5,0.2,124638.15405619708,16.8,0.9
05113,AR,Polk,90600.0,10584.0,0.4,0.0,131311.31717631893,44.9,2.5
45041,SC,Florence,117700.0,12480.0,0.4,0.6,182137.80364104,54.7,3.0
56031,WY,Platte,188200.0,12048.0,0.5,0.5,168405.86944551935,-10.5,-0.6
42111,PA,Somerset,92900.0,8556.0,1.1,0.0,87461.65215356916,-5.9,-0.3
17029,IL,Coles,79300.0,13860.0,1.8,1.0,174686.5882078932,120.3,6.7
48039,TX,Brazoria,218400.0,20628.0,2.1,2.1,319876.32002232474,46.5,2.6
12027,FL,De Soto,115900.0,15408.0,0.8,1.3,252546.7429692732,117.9,6.5
37165,NC,Scotland,79000.0,9924.0,1.1,0.0,108447.64629280588,37.3,2.1
49035,UT,Salt Lake,347000.0,19620.0,0.7,1.9,389834.75794546,12.3,0.7
53061,WA,Snohomish,461300.0,25632.0,1.0,2.5,558661.9292896121,21.1,1.2
20149,KS,Pottawatomie,180700.0,14388.0,1.1,1.1,209534.23730072982,16.0,0.9
35027,NM,Lincoln,192600.0,14388.0,0.5,1.1,237052.45350122254,23.1,1.3
42033,PA,Clearfield,71400.0,11352.0,1.4,0.3,129934.29131138946,82.0,4.5
51155,VA,Pulaski,112300.0,12504.0,0.6,0.6,177015.97049360155,57.6,3.2
55125,WI,Vilas,188900.0,12468.0,0.9,0.6,168074.22647906767,-11.0,-0.6
12017,FL,Citrus,148400.0,14388.0,0.9,1.1,220122.96021450916,48.3,2.7
39127,OH,Perry,93600.0,10896.0,1.1,0.1,124948.37288004514,33.5,1.9
29043,MO,Christian,165000.0,10692.0,0.8,0.0,126230.82576476592,-23.5,-1.3
45035,SC,Dorchester,205900.0,17484.0,0.7,1.7,321934.3804460706,56.4,3.1
48323,TX,Maverick,129800.0,13176.0,1.5,0.8,169270.3612020578,30.4,1.7
37149,NC,Polk,208600.0,15420.0,0.7,1.3,258248.6800818621,23.8,1.3
01081,AL,Lee,182300.0,15588.0,0.5,1.3,275497.099585526,51.1,2.8
30013,MT,Cascade,187200.0,14208.0,0.9,1.1,213903.67974911424,14.3,0.8
06035,CA,Lassen,160200.0,15180.0,0.7,1.3,249007.94859965178,55.4,3.1
27041,MN,Douglas,207900.0,15684.0,0.9,1.4,254593.18386504403,22.5,1.2
06053,CA,Monterey,552100.0,30000.0,0.7,2.7,994793.8983960005,80.2,4.4
20043,KS,Doniphan,77100.0,10056.0,1.1,0.0,110457.74920013941,43.3,2.4
41009,OR,Columbia,287400.0,18408.0,1.0,1.8,331503.5348301882,15.3,0.9
37115,NC,Madison,192600.0,14760.0,0.6,1.2,244536.07654510456,27.0,1.5
06081,CA,San Mateo,1381600.0,47796.0,0.7,3.3,1766042.218181106,27.8,1.5
40109,OK,Oklahoma,130400.0,12372.0,1.0,0.6,161821.08974383568,24.1,1.3
20125,KS,Montgomery,55000.0,7692.0,1.4,0.0,71646.29043236785,30.3,1.7
39145,OH,Scioto,76000.0,10080.0,1.0,0.0,112306.79195546199,47.8,2.6
48071,TX,Chambers,208700.0,18180.0,1.4,1.8,299774.87730853556,43.6,2.4
17007,IL,Boone,150700.0,16728.0,2.1,1.5,228101.70739111997,51.4,2.8
48213,TX,Henderson,142300.0,15864.0,1.3,1.4,243220.97774281274,70.9,3.9
41013,OR,Crook,239100.0,17208.0,0.9,1.6,302936.9776195148,26.7,1.5
27017,MN,Carlton,162100.0,15516.0,1.1,1.3,239204.30601280116,47.6,2.6
24025,MD,Harford,275500.0,19788.0,1.0,2.0,370199.4748018656,34.4,1.9
21167,KY,Mercer,132200.0,11340.0,0.8,0.3,142054.30868907948,7.5,0.4
21073,KY,Franklin,129300.0,12612.0,0.8,0.7,172763.7561133235,33.6,1.9
39023,OH,Clark,105700.0,9588.0,1.4,0.0,98834.26403265947,-6.5,-0.4
51820,VA,Waynesboro City,152900.0,13692.0,0.7,0.9,206762.18561851076,35.2,2.0
01051,AL,Elmore,159800.0,11976.0,0.3,0.5,173610.79832015344,8.6,0.5
01097,AL,Mobile,116400.0,11256.0,0.5,0.2,147028.55212339634,26.3,1.5
12061,FL,Indian River,214600.0,18468.0,0.9,1.8,335668.165922254,56.4,3.1
23023,ME,Sagadahoc,208400.0,16956.0,1.2,1.6,274437.757417133,31.7,1.8
54081,WV,Raleigh,82600.0,9276.0,0.5,0.0,109338.14356185777,32.4,1.8
49053,UT,Washington,286400.0,17352.0,0.6,1.6,322277.1664166726,12.5,0.7
51041,VA,Chesterfield,232200.0,17388.0,0.9,1.6,306988.4151207226,32.2,1.8
51093,VA,Isle of Wight,245200.0,17388.0,0.6,1.6,324011.1660267514,32.1,1.8
29189,MO,Saint Louis,182100.0,14976.0,1.3,1.2,218652.981948914,20.1,1.1
48425,TX,Somervell,237700.0,18756.0,0.9,1.8,345700.5255311845,45.4,2.5
22011,LA,Beauregard,106800.0,13680.0,0.3,0.9,224770.5172158084,110.5,6.1
47145,TN,Roane,127300.0,11628.0,0.7,0.4,152376.41288949107,19.7,1.1
53029,WA,Island,392400.0,20256.0,0.8,2.0,407770.3082879,3.9,0.2
36009,NY,Cattaraugus,77900.0,14844.0,2.5,1.2,178054.42472600017,128.6,7.1
47183,TN,Weakley,70400.0,10176.0,0.6,0.0,121399.18208978468,72.4,4.0
51069,VA,Frederick,239700.0,17304.0,0.5,1.6,328169.9701912545,36.9,2.0
18081,IN,Johnson,161900.0,14952.0,0.9,1.2,232692.66101590794,43.7,2.4
41047,OR,Marion,261400.0,18012.0,1.1,1.7,312436.52767712186,19.5,1.1
06011,CA,Colusa,211500.0,17904.0,0.7,1.7,334758.6416413254,58.3,3.2
51650,VA,Hampton City,161900.0,14388.0,1.0,1.1,215096.27255894162,32.9,1.8
49041,UT,Sevier,195100.0,13620.0,0.5,0.9,211683.3472096794,8.5,0.5
36023,NY,Cortland,119800.0,16512.0,2.8,1.5,201255.79594526146,68.0,3.8
21049,KY,Clark,151300.0,13476.0,0.8,0.9,199055.68014231403,31.6,1.7
18105,IN,Monroe,173800.0,14940.0,0.7,1.2,241415.526370003,38.9,2.2
16055,ID,Kootenai,301600.0,17772.0,0.7,1.7,331768.97579897696,10.0,0.6
06095,CA,Solano,431400.0,25680.0,0.9,2.5,573580.5919964912,33.0,1.8
36011,NY,Cayuga,120900.0,16512.0,2.3,1.5,217614.6948094746,80.0,4.4
20027,KS,Clay,85800.0,9780.0,1.3,0.0,102582.52512907505,19.6,1.1
48397,TX,Rockwall,276600.0,22716.0,1.9,2.3,382540.27834283694,38.3,2.1
13291,GA,Union,186000.0,15600.0,0.6,1.3,266415.07711307687,43.2,2.4
48089,TX,Colorado,133900.0,16176.0,1.0,1.5,265051.2070750342,97.9,5.4
38097,ND,Traill,121600.0,10116.0,1.1,0.0,111762.30692119486,-8.1,-0.4
37159,NC,Rowan,130100.0,11160.0,0.8,0.2,137663.31922782352,5.8,0.3
48217,TX,Hill,86700.0,13032.0,1.4,0.8,167819.87091330226,93.6,5.2
29105,MO,Laclede,121000.0,10020.0,0.6,0.0,118540.98103753828,-2.0,-0.1
24003,MD,Anne Arundel,338000.0,23928.0,0.8,2.4,533166.0949455783,57.7,3.2
28121,MS,Rankin,166400.0,16440.0,0.6,1.5,294899.35809613316,77.2,4.3
25025,MA,Suffolk,550200.0,31548.0,0.8,2.8,1016580.3571647485,84.8,4.7
51660,VA,Harrisonburg City,186800.0,12516.0,0.6,0.6,176438.53767287635,-5.5,-0.3
27085,MN,McLeod,164800.0,15048.0,1.2,1.2,225847.45800002155,37.0,2.1
51165,VA,Rockingham,191400.0,14388.0,0.6,1.1,233565.65401876453,22.0,1.2
18151,IN,Steuben,150300.0,13896.0,0.7,1.0,214422.3607976756,42.7,2.4
33013,NH,Merrimack,243000.0,19308.0,2.1,1.9,287631.6024187058,18.4,1.0
12085,FL,Martin,267100.0,22944.0,1.0,2.3,475285.2447627948,77.9,4.3
51107,VA,Loudoun,486400.0,28116.0,1.1,2.6,635117.1497435564,30.6,1.7
48341,TX,Moore,116600.0,12492.0,1.4,0.6,155938.6387616076,33.7,1.9
40153,OK,Woodward,98300.0,11136.0,0.6,0.2,141353.23543303902,43.8,2.4
16005,ID,Bannock,161600.0,11460.0,0.9,0.3,142613.37659002707,-11.7,-0.7
37155,NC,Robeson,74900.0,9780.0,0.9,0.0,109144.15620733546,45.7,2.5
55073,WI,Marathon,138900.0,12000.0,1.8,0.5,134501.45378934627,-3.2,-0.2
05063,AR,Independence,93200.0,10272.0,0.6,0.0,123166.45752856592,32.2,1.8
27147,MN,Steele,162600.0,14868.0,1.2,1.2,220307.1405895564,35.5,2.0
41051,OR,Multnomah,403300.0,22152.0,1.1,2.2,433666.87712868693,7.5,0.4
20061,KS,Geary,127300.0,13116.0,1.3,0.8,171825.85586272774,35.0,1.9
39045,OH,Fairfield,180900.0,17196.0,1.4,1.6,271213.0971416896,49.9,2.8
01001,AL,Autauga,153200.0,13152.0,0.3,0.8,207275.61816105965,35.3,2.0
26077,MI,Kalamazoo,155900.0,15732.0,1.6,1.4,224996.31935867338,44.3,2.5
45057,SC,Lancaster,162500.0,14472.0,0.5,1.1,236715.50303065975,45.7,2.5
27039,MN,Dodge,189900.0,15732.0,1.1,1.4,247111.04599245297,30.1,1.7
48457,TX,Tyler,99100.0,13836.0,1.0,1.0,200791.37663723264,102.6,5.7
49043,UT,Summit,633900.0,38496.0,0.4,3.1,1519776.2960823334,139.8,7.7
35061,NM,Valencia,141800.0,11364.0,0.7,0.3,145465.85688180232,2.6,0.1
18005,IN,Bartholomew,141600.0,14700.0,0.9,1.2,228941.1850900602,61.7,3.4
37021,NC,Buncombe,278500.0,17892.0,0.7,1.7,334456.8810107459,20.1,1.1
13199,GA,Meriwether,90900.0,10176.0,0.9,0.0,115982.91329737552,27.6,1.5
20055,KS,Finney,148000.0,13716.0,1.3,1.0,186283.3404467742,25.9,1.4
18065,IN,Henry,81100.0,9756.0,0.9,0.0,109312.10821254084,34.8,1.9
28081,MS,Lee,133500.0,13680.0,0.8,0.9,204752.52567025917,53.4,3.0
16077,ID,Power,165400.0,13080.0,0.9,0.8,183346.93564657596,10.9,0.6
20103,KS,Leavenworth,169800.0,15120.0,1.3,1.3,220836.56942126513,30.1,1.7
51153,VA,Prince William,363500.0,23976.0,1.0,2.4,502439.07191128435,38.2,2.1
51059,VA,Fairfax,533800.0,30000.0,0.9,2.7,920401.6503221759,72.4,4.0
06063,CA,Plumas,258800.0,17964.0,0.7,1.7,336724.7400957299,30.1,1.7
30021,MT,Dawson,168600.0,11232.0,1.1,0.2,133519.52703114416,-20.8,-1.2
48199,TX,Hardin,143000.0,15792.0,1.3,1.4,241035.48865538734,68.6,3.8
15003,HI,Honolulu,684600.0,28296.0,0.3,2.6,1089308.1231364438,59.1,3.3
13119,GA,Franklin,128800.0,12864.0,0.8,0.7,181993.42147030766,41.3,2.3
21113,KY,Jessamine,151000.0,13680.0,0.8,0.9,201439.1730856142,33.4,1.9
30043,MT,Jefferson,182700.0,12480.0,0.7,0.6,174875.38949122338,-4.3,-0.2
37135,NC,Orange,289500.0,19188.0,1.2,1.9,339178.6553216393,17.2,1.0
31053,NE,Dodge,133300.0,13692.0,1.7,0.9,174965.18815796362,31.3,1.7
24017,MD,Charles,295800.0,22320.0,1.1,2.2,441312.8157719866,49.2,2.7
44005,RI,Newport,402900.0,28032.0,1.0,2.6,643974.0318586454,59.8,3.3
37113,NC,Macon,174200.0,13728.0,0.4,1.0,218626.39086401564,25.5,1.4
48491,TX,Williamson,270200.0,19620.0,2.1,1.9,298560.32437014853,10.5,0.6
26159,MI,Van Buren,126900.0,13572.0,1.4,0.9,180488.20755740377,42.2,2.3
21027,KY,Breckinridge,98200.0,10296.0,0.6,0.0,123519.68568644433,25.8,1.4
37055,NC,Dare,310800.0,17892.0,0.6,1.7,346606.76632596523,11.5,0.6
39149,OH,Shelby,136300.0,12816.0,1.2,0.7,168594.0422275016,23.7,1.3
18007,IN,Benton,73000.0,9324.0,0.8,0.0,104541.90105158991,43.2,2.4
18067,IN,Howard,91900.0,10092.0,0.7,0.0,117548.371766154,27.9,1.5
20079,KS,Harvey,123100.0,9336.0,1.4,0.0,95246.45630893183,-22.6,-1.3
24029,MD,Kent,198700.0,17616.0,0.8,1.7,319300.10745784926,60.7,3.4
31111,NE,Lincoln,139900.0,12828.0,1.7,0.7,154683.3133076849,10.6,0.6
51075,VA,Goochland,280200.0,20244.0,0.6,2.0,429254.3874022156,53.2,2.9
26025,MI,Calhoun,95100.0,10632.0,1.7,0.0,108870.00682440905,14.5,0.8
35049,NM,Santa Fe,336400.0,21096.0,0.5,2.1,467082.09589064185,38.8,2.2
33005,NH,Cheshire,191600.0,17316.0,2.4,1.6,232049.33151061114,21.1,1.2
24031,MD,Montgomery,441500.0,27648.0,0.9,2.6,646219.1465411369,46.4,2.6
48253,TX,Jones,66700.0,11904.0,1.1,0.5,148197.44990851538,122.2,6.8
39117,OH,Morrow,136600.0,12636.0,1.1,0.7,166498.66493500196,21.9,1.2
36019,NY,Clinton,128900.0,18192.0,1.9,1.8,274620.31405777513,113.0,6.3
48189,TX,Hale,72600.0,10668.0,1.6,0.0,111964.77877587965,54.2,3.0
06055,CA,Napa,661100.0,34188.0,0.7,2.9,1217729.507658297,84.2,4.7
16035,ID,Clearwater,151100.0,14244.0,0.5,1.1,230467.53217804336,52.5,2.9
51710,VA,Norfolk City,184000.0,15588.0,1.0,1.3,248055.8909355468,34.8,1.9
37151,NC,Randolph,130000.0,9648.0,0.7,0.0,110216.5315563066,-15.2,-0.8
19183,IA,Washington,147500.0,12888.0,1.4,0.7,165008.26932170466,11.9,0.7
51083,VA,Halifax,76400.0,11820.0,0.5,0.4,160842.58422912646,110.5,6.1
48361,TX,Orange,105800.0,14964.0,1.4,1.2,215621.90682469893,103.8,5.8
31177,NE,Washington,182300.0,15072.0,1.6,1.2,209448.46009900016,14.9,0.8
40119,OK,Payne,149500.0,14352.0,0.8,1.1,221522.8586721712,48.2,2.7
48479,TX,Webb,138500.0,13188.0,2.1,0.8,154048.55841015265,11.2,0.6
16083,ID,Twin Falls,184700.0,14124.0,0.8,1.0,216890.6218223911,17.4,1.0
27123,MN,Ramsey,239700.0,19080.0,1.3,1.9,328367.30908944586,37.0,2.0
01033,AL,Colbert,98000.0,10728.0,0.3,0.0,137907.95464738444,40.7,2.3
39043,OH,Erie,126800.0,13224.0,1.4,0.8,172911.55665250105,36.4,2.0
17097,IL,Lake,235600.0,22404.0,2.3,2.2,350212.1026598508,48.6,2.7
32007,NV,Elko,233900.0,16392.0,0.6,1.5,293948.0007134939,25.7,1.4
37051,NC,Cumberland,108900.0,10452.0,1.1,0.0,117022.6988601999,7.5,0.4
04005,AZ,Coconino,352800.0,21456.0,0.5,2.1,474153.00553105667,34.4,1.9
48123,TX,De Witt,101500.0,14268.0,0.6,1.1,226417.18779492402,123.1,6.8
34007,NJ,Camden,171500.0,18552.0,2.9,1.8,239544.30234347717,39.7,2.2
04007,AZ,Gila,197900.0,14988.0,0.7,1.2,243070.20017301108,22.8,1.3
12073,FL,Leon,175000.0,15060.0,1.0,1.2,231689.6850630872,32.4,1.8
39099,OH,Mahoning,84900.0,10068.0,1.5,0.0,104551.24770035276,23.1,1.3
16059,ID,Lemhi,210100.0,13680.0,0.5,0.9,215060.68740652184,2.4,0.1
18063,IN,Hendricks,186400.0,16728.0,1.0,1.5,277694.7297836942,49.0,2.7
13299,GA,Ware,72900.0,10632.0,1.0,0.0,121415.94640123505,66.6,3.7
05145,AR,White,110900.0,10512.0,0.5,0.0,129449.21805501444,16.7,0.9
41033,OR,Josephine,274600.0,16176.0,0.6,1.5,285689.85465107334,4.0,0.2
48061,TX,Cameron,90200.0,11280.0,1.7,0.2,122003.91227844544,35.3,2.0
40087,OK,McClain,159800.0,13332.0,0.7,0.9,196390.38800490007,22.9,1.3
06013,CA,Contra Costa,617800.0,32664.0,0.9,2.9,1063534.2058593587,72.1,4.0
13105,GA,Elbert,87000.0,11856.0,0.8,0.4,153565.3302312287,76.5,4.2
56001,WY,Albany,228600.0,13800.0,0.6,1.0,216174.64183891518,-5.4,-0.3
41031,OR,Jefferson,229100.0,16896.0,0.9,1.6,292016.97874628915,27.5,1.5
27109,MN,Olmsted,216600.0,16356.0,1.1,1.5,263296.0312161537,21.6,1.2
06023,CA,Humboldt,293800.0,17292.0,0.7,1.6,318388.69657100685,8.4,0.5
32031,NV,Washoe,354700.0,20400.0,0.8,2.0,405544.16251693154,14.3,0.8
48177,TX,Gonzales,109600.0,14292.0,1.0,1.1,213182.35186834884,94.5,5.2
47163,TN,Sullivan,127500.0,11076.0,0.7,0.2,137671.13759701207,8.0,0.4
22089,LA,Saint Charles,189300.0,16260.0,0.5,1.5,294388.9558624617,55.5,3.1
06041,CA,Marin,1145900.0,52248.0,0.8,3.4,1903909.623016658,66.1,3.7
35039,NM,Rio Arriba,169500.0,13920.0,0.1,1.0,239012.53069706645,41.0,2.3
17001,IL,Adams,103000.0,13164.0,1.7,0.8,163559.23376148593,58.8,3.3
28071,MS,Lafayette,202900.0,17376.0,0.7,1.6,321848.51313891116,58.6,3.2
19155,IA,Pottawattamie,129100.0,12468.0,1.6,0.6,150475.72012597957,16.6,0.9
48287,TX,Lee,137700.0,15180.0,1.0,1.3,235936.0951846464,71.3,4.0
18029,IN,Dearborn,172600.0,14292.0,0.9,1.1,215762.8595549487,25.0,1.4
29047,MO,Clay,183300.0,15636.0,1.3,1.4,236822.43751861568,29.2,1.6
20191,KS,Sumner,78600.0,8988.0,1.6,0.0,88240.76692169465,12.3,0.7
30081,MT,Ravalli,212000.0,13656.0,0.6,0.9,210873.28769518083,-0.5,-0.0
42037,PA,Columbia,128600.0,13272.0,1.1,0.8,182682.34411035763,42.1,2.3
21015,KY,Boone,193000.0,17244.0,0.9,1.6,300373.6315220926,55.6,3.1
12129,FL,Wakulla,165200.0,13176.0,0.8,0.8,189313.75597329534,14.6,0.8
12033,FL,Escambia,142700.0,13260.0,0.9,0.8,188885.2669037674,32.4,1.8
48395,TX,Robertson,93000.0,13368.0,0.9,0.9,191699.5934334207,106.1,5.9
22121,LA,West Baton Rouge,193100.0,15732.0,0.4,1.4,284060.72839010204,47.1,2.6
36029,NY,Erie,161900.0,14916.0,2.4,1.2,182292.71183648484,12.6,0.7
56013,WY,Fremont,221000.0,12564.0,0.6,0.7,180125.2504243504,-18.5,-1.0
12023,FL,Columbia,122100.0,14328.0,0.9,1.1,216774.37896708102,77.5,4.3
13063,GA,Clayton,102600.0,11364.0,1.2,0.3,134465.91121135402,31.1,1.7
34001,NJ,Atlantic,177600.0,17484.0,2.0,1.7,249195.62771539207,40.3,2.2
28073,MS,Lamar,187400.0,14988.0,0.7,1.2,246226.784019481,31.4,1.7
45077,SC,Pickens,151300.0,14280.0,0.5,1.1,233733.81677360187,54.5,3.0
44003,RI,Kent,236900.0,19752.0,1.7,2.0,323023.4764057178,36.4,2.0
09007,CT,Middlesex,294400.0,19080.0,1.6,1.9,311571.4743491887,5.8,0.3
55059,WI,Kenosha,177000.0,16188.0,2.1,1.5,219271.95058899524,23.9,1.3
17107,IL,Logan,82100.0,11484.0,1.9,0.3,123330.29253877005,50.2,2.8
20139,KS,Osage,97200.0,10044.0,1.4,0.0,105020.71366258345,8.0,0.4
37157,NC,Rockingham,65000.0,9504.0,0.9,0.0,105835.38079023283,62.8,3.5
29097,MO,Jasper,105200.0,9156.0,0.8,0.0,101490.02040931037,-3.5,-0.2
51095,VA,James City,312200.0,22068.0,0.7,2.2,477426.02066613035,52.9,2.9
19057,IA,Des Moines,89500.0,10788.0,1.5,0.1,116330.30179703808,30.0,1.7
34025,NJ,Monmouth,415900.0,29316.0,1.8,2.7,575718.766611398,38.4,2.1
17089,IL,Kane,225500.0,20880.0,2.5,2.1,305613.1937067672,35.5,2.0
55135,WI,Waupaca,132300.0,12000.0,1.7,0.5,136834.0833487706,3.4,0.2
39089,OH,Licking,172800.0,15516.0,1.5,1.3,225484.3382790208,30.5,1.7
38077,ND,Richland,113600.0,12324.0,1.3,0.6,153191.0100577959,34.9,1.9
20117,KS,Marshall,72400.0,9300.0,1.3,0.0,96427.78350972391,33.2,1.8
39055,OH,Geauga,226500.0,18240.0,1.6,1.8,289957.99865302397,28.0,1.6
39129,OH,Pickaway,160400.0,15024.0,1.2,1.2,223493.6250020518,39.3,2.2
20091,KS,Johnson,279100.0,21852.0,1.3,2.2,412303.55980608816,47.7,2.6
13029,GA,Bryan,212800.0,17988.0,0.9,1.7,326589.82977235597,53.5,3.0
37099,NC,Jackson,185400.0,15120.0,0.4,1.3,265653.3775249486,43.3,2.4
39095,OH,Lucas,95500.0,10752.0,1.9,0.0,108280.84740528213,13.4,0.7
13285,GA,Troup,106000.0,9576.0,0.9,0.0,105716.0718526534,-0.3,-0.0
20133,KS,Neosho,66300.0,8340.0,1.6,0.0,78526.3700817008,18.4,1.0
06087,CA,Santa Cruz,833500.0,36000.0,0.7,3.0,1370486.0719653948,64.4,3.6
26137,MI,Otsego,105000.0,11712.0,1.0,0.4,145032.43879098265,38.1,2.1
09015,CT,Windham,168800.0,15588.0,1.6,1.3,223350.20689700122,32.3,1.8
12115,FL,Sarasota,255000.0,23124.0,0.9,2.3,488607.85920723854,91.6,5.1
24013,MD,Carroll,318100.0,21480.0,1.0,2.1,423833.2752647997,33.2,1.8
13083,GA,Dade,132500.0,12180.0,0.5,0.5,171468.27261034455,29.4,1.6
13277,GA,Tift,122300.0,13104.0,1.0,0.8,182296.36282013782,49.1,2.7
08001,CO,Adams,331500.0,22704.0,0.9,2.3,480936.96694228926,45.1,2.5
48375,TX,Potter,84900.0,10416.0,1.6,0.0,107421.2192380154,26.5,1.5
05085,AR,Lonoke,133000.0,11676.0,0.7,0.4,153443.9614410363,15.4,0.9
26147,MI,Saint Clair,141700.0,12072.0,1.4,0.5,144825.7634542711,2.2,0.1
45075,SC,Orangeburg,77700.0,10824.0,0.6,0.1,132670.72861225336,70.7,3.9
05119,AR,Pulaski,130400.0,11904.0,0.8,0.5,155413.8352789627,19.2,1.1
51550,VA,Chesapeake City,259600.0,19428.0,1.0,1.9,363844.41619425494,40.2,2.2
42095,PA,Northampton,206500.0,17400.0,1.7,1.6,260984.6359599144,26.4,1.5
31159,NE,Seward,171600.0,14868.0,1.6,1.2,205197.89738703115,19.6,1.1
55049,WI,Iowa,156400.0,13176.0,1.7,0.8,162980.54429075425,4.2,0.2
23013,ME,Knox,222200.0,16536.0,1.1,1.5,267935.2860526473,20.6,1.1
42109,PA,Snyder,151200.0,14280.0,1.2,1.1,205601.66118151625,36.0,2.0
51161,VA,Roanoke,184100.0,14832.0,0.9,1.2,231199.51209947828,25.6,1.4
22053,LA,Jefferson Davis,75000.0,13188.0,0.3,0.8,208304.82143466762,177.7,9.8
37057,NC,Davidson,127600.0,11232.0,0.7,0.2,141414.87384619625,10.8,0.6
22105,LA,Tangipahoa,130300.0,14340.0,0.4,1.1,242263.12670332252,85.9,4.8
29059,MO,Dallas,129700.0,9552.0,0.6,0.0,111996.22046357045,-13.6,-0.8
13213,GA,Murray,121200.0,13056.0,0.7,0.8,188798.48102973666,55.8,3.1
01073,AL,Jefferson,115100.0,11844.0,0.7,0.4,158335.79436174122,37.6,2.1
56021,WY,Laramie,246200.0,15852.0,0.6,1.4,275101.34257756185,11.7,0.7
13295,GA,Walker,98200.0,11388.0,0.7,0.3,144230.21419789866,46.9,2.6
06047,CA,Merced,252400.0,15516.0,0.9,1.3,252546.05832643586,0.1,0.0
51019,VA,Bedford,199100.0,14988.0,0.5,1.2,254809.71826650616,28.0,1.6
48169,TX,Garza,51000.0,11580.0,0.9,0.3,146425.4683802546,187.1,10.4
21157,KY,Marshall,90400.0,10848.0,0.7,0.1,132895.89622585563,47.0,2.6
37033,NC,Caswell,96300.0,11088.0,0.7,0.2,138109.2851304527,43.4,2.4
34017,NJ,Hudson,428700.0,25356.0,2.0,2.5,442128.6489765213,3.1,0.2
01077,AL,Lauderdale,112400.0,10284.0,0.4,0.0,127784.90384245396,13.7,0.8
20169,KS,Saline,118100.0,10668.0,1.3,0.0,115884.04157969888,-1.9,-0.1
25027,MA,Worcester,276800.0,20412.0,1.3,2.0,364054.70481712144,31.5,1.7
27047,MN,Freeborn,98600.0,12420.0,1.2,0.6,159360.72308946965,61.6,3.4
20173,KS,Sedgwick,131700.0,12300.0,1.4,0.6,151284.80353854763,14.9,0.8
37161,NC,Rutherford,119300.0,11340.0,0.7,0.3,144660.32807228167,21.3,1.2
19163,IA,Scott,153100.0,14988.0,1.5,1.2,211561.05478745827,38.2,2.1
51790,VA,Staunton City,151400.0,13692.0,0.8,0.9,202166.5509697281,33.5,1.9
36005,NY,Bronx,416700.0,21888.0,0.8,2.2,461603.79479426256,10.8,0.6
37169,NC,Stokes,140200.0,13128.0,0.7,0.8,191341.17357795258,36.5,2.0
16045,ID,Gem,220600.0,14292.0,0.6,1.1,228149.08751483925,3.4,0.2
30009,MT,Carbon,206000.0,13464.0,0.6,0.9,206132.97473408806,0.1,0.0
12086,FL,Miami-Dade,296400.0,23832.0,1.1,2.3,487510.33114825655,64.5,3.6
47065,TN,Hamilton,165000.0,16080.0,0.9,1.4,267426.7843217084,62.1,3.4
48381,TX,Randall,165800.0,16392.0,1.7,1.5,237456.80031605784,43.2,2.4
12093,FL,Okeechobee,126500.0,15528.0,1.0,1.3,246436.43724932856,94.8,5.3
48471,TX,Walker,175200.0,17052.0,1.3,1.6,273074.7837583177,55.9,3.1
48037,TX,Bowie,97400.0,13860.0,1.5,1.0,185000.23597322978,89.9,5.0
40051,OK,Grady,116200.0,11340.0,0.8,0.3,142860.8614046152,22.9,1.3
18127,IN,Porter,194500.0,18480.0,1.0,1.8,335537.4334649157,72.5,4.0
17147,IL,Piatt,121700.0,14292.0,1.8,1.1,185440.45143500925,52.4,2.9
41045,OR,Malheur,146300.0,14568.0,0.8,1.1,227465.88337719147,55.5,3.1
06067,CA,Sacramento,360700.0,20820.0,0.9,2.1,410771.9190133235,13.9,0.8
18143,IN,Scott,99800.0,10764.0,0.9,0.1,125930.917307717,26.2,1.5
28113,MS,Pike,112500.0,11280.0,0.6,0.2,144787.62971875956,28.7,1.6
26007,MI,Alpena,78300.0,10200.0,1.1,0.0,113371.40205966467,44.8,2.5
20015,KS,Butler,122600.0,12408.0,1.6,0.6,147085.2683721428,20.0,1.1
39103,OH,Medina,195100.0,17088.0,1.5,1.6,265154.3399586301,35.9,2.0
13133,GA,Greene,290500.0,19380.0,0.6,1.9,392600.1745397593,35.1,1.9
22071,LA,Orleans,182900.0,16080.0,0.8,1.4,271384.2111319711,48.4,2.7
41043,OR,Linn,239400.0,16776.0,1.1,1.6,276539.3501680927,15.5,0.9
55093,WI,Pierce,202300.0,13320.0,1.6,0.9,167279.84162210827,-17.3,-1.0
34005,NJ,Burlington,226100.0,21336.0,2.3,2.1,323823.80227600416,43.2,2.4
34033,NJ,Salem,151100.0,14724.0,2.4,1.2,176726.62184423947,17.0,0.9
13095,GA,Dougherty,77700.0,9996.0,1.2,0.0,107769.41635128215,38.7,2.1
21217,KY,Taylor,103300.0,10452.0,0.6,0.0,124918.84110866144,20.9,1.2
47125,TN,Montgomery,156000.0,12504.0,0.8,0.6,170870.24593290628,9.5,0.5
12069,FL,Lake,207600.0,16332.0,1.1,1.5,265922.4824522606,28.1,1.6
50015,VT,Lamoille,223200.0,18576.0,1.6,1.8,295404.4411585109,32.3,1.8
30041,MT,Hill,168800.0,12492.0,0.9,0.6,167385.07310307786,-0.8,-0.0
18099,IN,Marshall,129300.0,13344.0,0.8,0.9,194512.7099608634,50.4,2.8
42097,PA,Northumberland,79300.0,9012.0,1.2,0.0,93382.8208073847,17.8,1.0
41005,OR,Clackamas,433100.0,24576.0,1.1,2.4,520267.1733282307,20.1,1.1
17075,IL,Iroquois,78700.0,15084.0,2.0,1.3,195789.44801680668,148.8,8.2
53037,WA,Kittitas,280100.0,20088.0,0.7,2.0,410054.4153168086,46.4,2.6
13059,GA,Clarke,167600.0,13836.0,1.1,1.0,197666.4052152781,17.9,1.0
19049,IA,Dallas,230800.0,18696.0,1.5,1.8,306396.61525867874,32.8,1.8
08025,CO,Crowley,127000.0,12708.0,0.6,0.7,184702.0760376441,45.4,2.5
22115,LA,Vernon,92700.0,13776.0,0.2,1.0,231800.65879093506,150.1,8.3
06007,CA,Butte,279700.0,17988.0,0.8,1.7,331232.39748689433,18.4,1.0
51101,VA,King William,195000.0,15528.0,0.7,1.3,259809.68298624456,33.2,1.8
21145,KY,McCracken,131500.0,11376.0,0.7,0.3,145060.0556819658,10.3,0.6
21081,KY,Grant,145700.0,13188.0,0.8,0.8,190697.05188799932,30.9,1.7
09001,CT,Fairfield,333400.0,28512.0,1.2,2.7,625086.9653265629,87.5,4.8
37059,NC,Davie,165500.0,14316.0,0.7,1.1,225341.34829628957,36.2,2.0
18157,IN,Tippecanoe,151700.0,13800.0,0.8,1.0,206443.26612465025,36.1,2.0
51740,VA,Portsmouth City,150000.0,13608.0,1.1,0.9,190104.1483653135,26.7,1.5
47055,TN,Giles,100500.0,11964.0,0.6,0.5,162910.92418183552,62.1,3.4
06001,CA,Alameda,878300.0,37644.0,0.9,3.0,1380872.5170270016,57.2,3.2
44007,RI,Providence,246300.0,19788.0,1.7,2.0,324995.86694327445,32.0,1.8
36045,NY,Jefferson,135900.0,14400.0,1.6,1.1,193504.5294415839,42.4,2.3
47051,TN,Franklin,122100.0,13704.0,0.7,0.9,208499.87109836852,70.8,3.9
12045,FL,Gulf,177600.0,15948.0,0.7,1.4,273484.7989639723,54.0,3.0
42067,PA,Juniata,142000.0,13680.0,1.0,0.9,196044.75691519314,38.1,2.1
48203,TX,Harrison,90100.0,11388.0,1.2,0.3,134249.09556775703,49.0,2.7
22119,LA,Webster,50500.0,12468.0,0.3,0.6,187935.0830173498,272.1,15.1
08014,CO,Broomfield,427300.0,25908.0,0.8,2.5,600527.2058237959,40.5,2.2
36057,NY,Montgomery,106000.0,16320.0,2.5,1.5,205946.9247861529,94.3,5.2
06101,CA,Sutter,283800.0,17352.0,0.9,1.6,302051.9846566182,6.4,0.4
32005,NV,Douglas,403600.0,22452.0,0.6,2.2,507173.1707204002,25.7,1.4
48141,TX,El Paso,121900.0,11868.0,2.0,0.4,128812.1001683165,5.7,0.3
35017,NM,Grant,122800.0,9552.0,0.5,0.0,113939.41149398999,-7.2,-0.4
12053,FL,Hernando,158800.0,14856.0,1.0,1.2,225916.10926993343,42.3,2.3
13281,GA,Towns,187900.0,15516.0,0.4,1.3,277139.3154657304,47.5,2.6
42007,PA,Beaver,136200.0,13704.0,1.6,0.9,177034.70439651143,30.0,1.7
08093,CO,Park,328500.0,19608.0,0.5,1.9,416013.36982395285,26.6,1.5
49023,UT,Juab,187200.0,16188.0,0.6,1.5,286923.88479818095,53.3,3.0
06107,CA,Tulare,201900.0,14448.0,0.9,1.1,222203.08730930404,10.1,0.6
42091,PA,Montgomery,303900.0,23256.0,1.4,2.3,438247.5238191494,44.2,2.4
24023,MD,Garrett,161600.0,15156.0,0.8,1.3,246924.95006938107,52.8,2.9
08059,CO,Jefferson,416400.0,24756.0,0.7,2.4,574181.1907422324,37.9,2.1
37031,NC,Carteret,250100.0,14892.0,0.5,1.2,250193.8991020238,0.0,0.0
22049,LA,Jackson,75500.0,12912.0,0.3,0.7,198310.28780295202,162.7,9.0
17031,IL,Cook,219200.0,19860.0,1.8,2.0,320347.31622962316,46.1,2.6
16081,ID,Teton,349800.0,17400.0,0.5,1.6,331551.28137740993,-5.2,-0.3
19127,IA,Marshall,98800.0,10080.0,1.5,0.0,103860.43112582613,5.1,0.3
39101,OH,Marion,85200.0,10188.0,1.2,0.0,110745.92116246713,30.0,1.7
37139,NC,Pasquotank,145700.0,13080.0,0.8,0.8,185018.39215288087,27.0,1.5
19017,IA,Bremer,153500.0,14172.0,1.3,1.1,197854.3041977417,28.9,1.6
48355,TX,Nueces,147900.0,16320.0,1.7,1.5,237177.53655960443,60.4,3.3
22015,LA,Bossier,163900.0,14988.0,0.6,1.2,251542.6753727143,53.5,3.0
12005,FL,Bay,203100.0,15540.0,0.7,1.3,260772.60349776768,28.4,1.6
36027,NY,Dutchess,268300.0,23976.0,1.8,2.4,423240.63282812247,57.7,3.2
48207,TX,Haskell,58600.0,11856.0,1.4,0.4,140952.21725914488,140.5,7.8
13241,GA,Rabun,166300.0,14748.0,0.5,1.2,245390.29333585483,47.6,2.6
22055,LA,Lafayette,166100.0,15588.0,0.5,1.3,273131.33453234565,64.4,3.6
19061,IA,Dubuque,155800.0,13872.0,1.3,1.0,190791.89210273005,22.5,1.2
17135,IL,Montgomery,56200.0,10668.0,1.8,0.0,108748.96147272439,93.5,5.2
45059,SC,Laurens,99300.0,11352.0,0.5,0.3,150412.51674185073,51.5,2.9
21209,KY,Scott,179000.0,16440.0,0.6,1.5,292290.16854776215,63.3,3.5
37101,NC,Johnston,171600.0,14856.0,0.9,1.2,232741.27024253455,35.6,2.0
17063,IL,Grundy,180200.0,16488.0,2.0,1.5,226639.2581186442,25.8,1.4
39107,OH,Mercer,147500.0,13296.0,1.3,0.8,177895.08516564837,20.6,1.1
51121,VA,Montgomery,211300.0,15264.0,0.8,1.3,249936.1155754246,18.3,1.0
16017,ID,Bonner,268700.0,15288.0,0.5,1.3,261910.58871617282,-2.5,-0.1
47147,TN,Robertson,188800.0,14952.0,0.7,1.2,242164.19147887314,28.3,1.6
48249,TX,Jim Wells,93300.0,12588.0,1.3,0.7,158693.67275661393,70.1,3.9
51630,VA,Fredericksburg City,319100.0,19092.0,0.7,1.9,376209.69939080585,17.9,1.0
53057,WA,Skagit,340700.0,20292.0,0.9,2.0,393642.8531944801,15.5,0.9
25017,MA,Middlesex,539600.0,29940.0,1.2,2.7,868244.4574979921,60.9,3.4
18165,IN,Vermillion,53300.0,8880.0,0.9,0.0,95853.5757551276,79.8,4.4
53031,WA,Jefferson,363200.0,20712.0,0.7,2.1,425478.7342064377,17.1,0.9
42049,PA,Erie,121600.0,11388.0,1.7,0.3,124702.79032156004,2.6,0.1
05007,AR,Benton,176600.0,13680.0,0.8,0.9,204251.40399572253,15.7,0.9
47037,TN,Davidson,258200.0,19056.0,0.9,1.9,355405.2472102091,37.6,2.1
36117,NY,Wayne,126000.0,16560.0,2.7,1.5,204770.89024817984,62.5,3.5
13187,GA,Lumpkin,198900.0,16140.0,0.7,1.4,278279.9752696004,39.9,2.2
42089,PA,Monroe,148700.0,15612.0,2.2,1.4,201532.35342750975,35.5,2.0
41035,OR,Klamath,165000.0,13308.0,0.7,0.9,195199.56739890703,18.3,1.0
46099,SD,Minnehaha,190000.0,14256.0,1.3,1.1,200305.11567702747,5.4,0.3
45063,SC,Lexington,141500.0,14280.0,0.5,1.1,230870.02464675304,63.2,3.5
27065,MN,Kanabec,171100.0,15672.0,1.1,1.4,243690.81303982524,42.4,2.4
18041,IN,Fayette,66300.0,8400.0,0.8,0.0,88990.99919579644,34.2,1.9
17043,IL,Du Page,288500.0,23388.0,2.0,2.3,393698.8024688033,36.5,2.0
48367,TX,Parker,266600.0,18936.0,1.5,1.9,310906.6744689815,16.6,0.9
28109,MS,Pearl River,145200.0,14124.0,0.6,1.0,222542.7060704193,53.3,3.0
29019,MO,Boone,177600.0,13836.0,0.9,1.0,202929.15302178846,14.3,0.8
49003,UT,Box Elder,215500.0,15636.0,0.7,1.4,265534.1661281259,23.2,1.3
13145,GA,Harris,202700.0,16428.0,0.9,1.5,278935.76909189543,37.6,2.1
48289,TX,Leon,126100.0,14412.0,0.9,1.1,218274.965732316,73.1,4.0
29109,MO,Lawrence,100300.0,9264.0,0.7,0.0,105445.87995221361,5.1,0.3
25011,MA,Franklin,212900.0,21396.0,1.4,2.1,386128.2741840578,81.4,4.5
26165,MI,Wexford,89400.0,11460.0,1.4,0.3,131546.34830661837,47.1,2.6
28131,MS,Stone,116200.0,12816.0,0.6,0.7,185306.95454391628,59.5,3.3
31153,NE,Sarpy,196200.0,16788.0,2.0,1.6,233622.22474684636,19.1,1.1
08119,CO,Teller,294500.0,19452.0,0.5,1.9,402892.2886870246,36.8,2.0
26033,MI,Chippewa,85300.0,10692.0,1.2,0.0,118200.65129496634,38.6,2.1
53009,WA,Clallam,279200.0,17988.0,0.8,1.7,328136.40525964054,17.5,1.0
51520,VA,Bristol City,97400.0,11688.0,0.8,0.4,151418.91523940602,55.5,3.1
42009,PA,Bedford,122300.0,12972.0,0.9,0.8,179952.96924663492,47.1,2.6
40019,OK,Carter,85300.0,10476.0,0.8,0.0,123056.00491642322,44.3,2.5
48335,TX,Mitchell,66500.0,11868.0,1.5,0.4,139487.79710742857,109.8,6.1
39139,OH,Richland,103100.0,8820.0,1.5,0.0,87131.2113521347,-15.5,-0.9
48097,TX,Cooke,135400.0,15636.0,1.5,1.4,225473.57452948243,66.5,3.7
42029,PA,Chester,343100.0,24600.0,1.4,2.4,487291.43582050886,42.0,2.3
36047,NY,Kings,789800.0,27492.0,0.6,2.6,1015614.09842133,28.6,1.6
48085,TX,Collin,328100.0,23292.0,2.0,2.3,394293.3802412703,20.2,1.1
36095,NY,Schoharie,128500.0,16908.0,2.0,1.6,237333.34069611513,84.7,4.7
35031,NM,McKinley,133400.0,12036.0,0.3,0.5,173966.46703655797,30.4,1.7
25015,MA,Hampshire,269400.0,22188.0,1.4,2.2,415604.56603429,54.3,3.0
13211,GA,Morgan,220400.0,17004.0,0.8,1.6,302560.2180312341,37.3,2.1
08123,CO,Weld,315400.0,19980.0,0.6,2.0,411198.0904547184,30.4,1.7
36015,NY,Chemung,95500.0,15708.0,2.3,1.4,199169.29620647748,108.6,6.0
53017,WA,Douglas,317800.0,19692.0,0.9,1.9,375384.55739012803,18.1,1.0
40031,OK,Comanche,86400.0,8580.0,0.9,0.0,91627.53280123,6.1,0.3
02170,AK,Matanuska Susitna,258000.0,19056.0,1.1,1.9,342251.544634702,32.7,1.8
33017,NH,Strafford,243600.0,19404.0,2.2,1.9,284674.9941335363,16.9,0.9
39035,OH,Cuyahoga,125300.0,13656.0,2.1,0.9,162801.26604453262,29.9,1.7
26019,MI,Benzie,172900.0,14388.0,1.0,1.1,215999.87906186053,24.9,1.4
06099,CA,Stanislaus,301500.0,17520.0,0.9,1.7,308468.9109228022,2.3,0.1
02122,AK,Kenai Peninsula,243200.0,16176.0,0.7,1.5,283379.9080569944,16.5,0.9
17081,IL,Jefferson,54500.0,11484.0,1.5,0.3,130731.12605019697,139.9,7.7
13031,GA,Bulloch,140000.0,13344.0,0.8,0.9,193125.59622035918,37.9,2.1
33009,NH,Grafton,205400.0,16932.0,1.7,1.6,249580.7914839353,21.5,1.2
39085,OH,Lake,145200.0,14352.0,1.7,1.1,189572.72698658385,30.6,1.7
48201,TX,Harris,183300.0,17964.0,1.9,1.7,268136.8841513814,46.3,2.6
55133,WI,Waukesha,282800.0,20388.0,1.6,2.0,344845.8665223244,21.9,1.2
29101,MO,Johnson,159700.0,13452.0,0.7,0.9,199359.68547529404,24.8,1.4
18149,IN,Starke,101200.0,10680.0,0.8,0.0,125732.0776379774,24.2,1.3
24019,MD,Dorchester,141800.0,15396.0,0.9,1.3,246068.40606336278,73.5,4.1
13073,GA,Columbia,190700.0,14952.0,0.9,1.2,232289.24763605552,21.8,1.2
56045,WY,Weston,153200.0,12036.0,0.5,0.5,166905.76867176397,8.9,0.5
17203,IL,Woodford,155400.0,15024.0,2.0,1.2,196472.47181527078,26.4,1.5
17187,IL,Warren,62500.0,10920.0,1.7,0.1,115233.91408903255,84.4,4.7
40101,OK,Muskogee,69300.0,7788.0,0.7,0.0,81017.1148920078,16.9,0.9
08101,CO,Pueblo,156400.0,13200.0,0.7,0.8,192443.28331944215,23.0,1.3
36001,NY,Albany,229500.0,20880.0,2.0,2.1,333904.4427700395,45.5,2.5
32510,NV,Carson City,293100.0,16980.0,0.7,1.6,304614.2284283278,3.9,0.2
36083,NY,Rensselaer,181200.0,16776.0,2.2,1.6,226061.5775728018,24.8,1.4
27093,MN,Meeker,152700.0,14916.0,1.0,1.2,230826.56840161973,51.2,2.8
47157,TN,Shelby,126300.0,12552.0,1.4,0.6,155724.76888522762,23.3,1.3
25021,MA,Norfolk,491700.0,31176.0,1.1,2.8,734243.2495323621,49.3,2.7
48035,TX,Bosque,123300.0,13092.0,0.9,0.8,182131.59275507263,47.7,2.6
24009,MD,Calvert,316600.0,20916.0,1.0,2.1,412326.67343756475,30.2,1.7
33007,NH,Coos,113600.0,13548.0,1.9,0.9,165162.41927587506,45.4,2.5
18107,IN,Montgomery,111400.0,11880.0,0.5,0.4,163847.92412783633,47.1,2.6
53027,WA,Grays Harbor,173200.0,11736.0,1.0,0.4,147151.72142804597,-15.0,-0.8
06043,CA,Mariposa,236000.0,18372.0,0.7,1.8,354899.77408959885,50.4,2.8
22075,LA,Plaquemines,225400.0,17532.0,0.3,1.7,353288.0028543884,56.7,3.1
13077,GA,Coweta,205100.0,16272.0,0.8,1.5,276340.7558988637,34.7,1.9
48049,TX,Brown,80500.0,10968.0,1.4,0.1,121836.64100786578,51.3,2.8
29095,MO,Jackson,135800.0,13188.0,1.3,0.8,172912.1609752323,27.3,1.5
48209,TX,Hays,264300.0,19116.0,1.7,1.9,304799.63877787045,15.3,0.8
40145,OK,Wagoner,138100.0,13752.0,0.8,1.0,204199.38210506496,47.9,2.7
27141,MN,Sherburne,240500.0,17952.0,1.2,1.7,306846.44636053813,27.6,1.5
16001,ID,Ada,277500.0,16680.0,0.9,1.5,285616.21818547376,2.9,0.2
34011,NJ,Cumberland,130700.0,15540.0,2.3,1.3,197129.24150289668,50.8,2.8
06005,CA,Amador,303100.0,19956.0,0.8,2.0,395604.23080644914,30.5,1.7
24035,MD,Queen Annes,320300.0,22368.0,0.8,2.2,478189.4918931047,49.3,2.7
48215,TX,Hidalgo,99800.0,11808.0,1.9,0.4,129986.38502196164,30.2,1.7
24011,MD,Caroline,182800.0,16776.0,0.9,1.6,286535.73843856354,56.7,3.1
42003,PA,Allegheny,150300.0,13812.0,2.0,1.0,169301.78439640382,12.6,0.7
47171,TN,Unicoi,112200.0,10812.0,0.5,0.1,134575.9723110045,19.9,1.1
12087,FL,Monroe,553800.0,40992.0,0.6,3.1,1508736.0967936118,172.4,9.6
47053,TN,Gibson,76500.0,9552.0,0.8,0.0,107422.323061234,40.4,2.2
30023,MT,Deer Lodge,118100.0,9564.0,0.8,0.0,107172.97101867618,-9.3,-0.5
05131,AR,Sebastian,113900.0,10668.0,0.7,0.0,128291.67838364506,12.6,0.7
27003,MN,Anoka,242300.0,19068.0,1.2,1.9,335840.90146245103,38.6,2.1
06115,CA,Yuba,252500.0,16116.0,1.0,1.4,261973.0847335091,3.8,0.2
17117,IL,Macoupin,66100.0,11124.0,1.5,0.2,122852.517841357,85.9,4.8
42039,PA,Crawford,86700.0,12360.0,1.6,0.6,148059.4173028829,70.8,3.9
20121,KS,Miami,190700.0,15192.0,1.4,1.3,221570.03439420558,16.2,0.9
12057,FL,Hillsborough,214500.0,17136.0,1.2,1.6,281767.9451316889,31.4,1.7
49057,UT,Weber,250100.0,16080.0,0.8,1.4,274235.3728809612,9.7,0.5
41017,OR,Deschutes,379000.0,20328.0,1.0,2.0,393244.46678860515,3.8,0.2
13231,GA,Pike,173700.0,14232.0,0.9,1.1,212993.5046037704,22.6,1.3
48007,TX,Aransas,199000.0,17892.0,1.3,1.7,298861.62025341863,50.2,2.8
47047,TN,Fayette,200300.0,14976.0,0.4,1.2,257427.89031977515,28.5,1.6
27171,MN,Wright,239100.0,16740.0,1.1,1.5,277157.9369744826,15.9,0.9
20209,KS,Wyandotte,99200.0,10680.0,1.7,0.0,110588.22338610757,11.5,0.6
49011,UT,Davis,324100.0,19596.0,0.7,1.9,393901.57608107186,21.5,1.2
08065,CO,Lake,232400.0,16980.0,0.6,1.6,310720.82638663665,33.7,1.9
22051,LA,Jefferson,166800.0,16788.0,0.5,1.6,311726.3481789775,86.9,4.8
47141,TN,Putnam,147000.0,11988.0,0.6,0.5,163951.95879242383,11.5,0.6
06069,CA,San Benito,518300.0,28176.0,0.8,2.6,680159.2645586997,31.2,1.7
55027,WI,Dodge,154000.0,12960.0,1.8,0.8,155864.4029072656,1.2,0.1
01109,AL,Pike,125400.0,11868.0,0.3,0.4,170365.9158472081,35.9,2.0
35028,NM,Los Alamos,292400.0,19332.0,0.6,1.9,388375.4917572941,32.8,1.8
47045,TN,Dyer,75700.0,9696.0,0.8,0.0,110304.95892916237,45.7,2.5
53007,WA,Chelan,300800.0,18276.0,0.9,1.8,336725.46693722357,11.9,0.7
08039,CO,Elbert,493100.0,32232.0,0.6,2.8,902797.3462991084,83.1,4.6
12083,FL,Marion,143700.0,13752.0,1.0,1.0,198288.02035390196,38.0,2.1
51199,VA,York,296500.0,20568.0,0.7,2.0,425484.515461501,43.5,2.4
37097,NC,Iredell,190800.0,14280.0,0.7,1.1,226125.72727699063,18.5,1.0
42133,PA,York,175100.0,15072.0,1.7,1.2,206899.00974308632,18.2,1.0
48303,TX,Lubbock,131700.0,13872.0,1.7,1.0,177603.48956056248,34.9,1.9
45091,SC,York,180600.0,15876.0,0.6,1.4,277442.9236120878,53.6,3.0
39133,OH,Portage,153600.0,15456.0,1.3,1.3,228839.45335081167,49.0,2.7
51099,VA,King George,267100.0,17976.0,0.5,1.7,351208.86548402783,31.5,1.7
08069,CO,Larimer,371200.0,20928.0,0.6,2.1,443703.7938267121,19.5,1.1
26079,MI,Kalkaska,90900.0,11004.0,1.1,0.1,127652.95811611753,40.4,2.2
30029,MT,Flathead,293700.0,16656.0,0.8,1.5,291710.81107341585,-0.7,-0.0
01031,AL,Coffee,111700.0,10752.0,0.4,0.0,137324.40970741157,22.9,1.3
40113,OK,Osage,109100.0,10980.0,0.7,0.1,135396.09616895564,24.1,1.3
01089,AL,Madison,164300.0,13680.0,0.4,0.9,217173.01421115408,32.2,1.8
18177,IN,Wayne,89900.0,9540.0,0.9,0.0,106194.2167424583,18.1,1.0
16069,ID,Nez Perce,214300.0,14976.0,0.9,1.2,236015.48976985854,10.1,0.6
21037,KY,Campbell,148300.0,14868.0,1.1,1.2,223850.63437591866,50.9,2.8
29209,MO,Stone,159200.0,10644.0,0.5,0.0,131278.9460096824,-17.5,-1.0
42035,PA,Clinton,137100.0,11316.0,1.3,0.3,130060.32158121774,-5.1,-0.3
13013,GA,Barrow,171100.0,14316.0,0.9,1.1,215912.0276495663,26.2,1.5
48051,TX,Burleson,123000.0,14376.0,1.0,1.1,212796.941921203,73.0,4.0
26009,MI,Antrim,141200.0,13056.0,1.0,0.8,178277.07323756677,26.3,1.5
51177,VA,Spotsylvania,258100.0,17772.0,0.7,1.7,330483.57486464357,28.0,1.6
20107,KS,Linn,70800.0,9456.0,1.1,0.0,100892.8045436719,42.5,2.4
28033,MS,DeSoto,170400.0,16008.0,0.7,1.4,272995.62682818354,60.2,3.3
12051,FL,Hendry,114600.0,15012.0,1.3,1.2,221232.3800224668,93.0,5.2
54033,WV,Harrison,94900.0,10188.0,0.6,0.0,121805.78867404179,28.4,1.6
19169,IA,Story,174500.0,15756.0,1.4,1.4,236307.27459589587,35.4,2.0
48273,TX,Kleberg,110600.0,12564.0,1.8,0.7,147522.74153201113,33.4,1.8
12041,FL,Gilchrist,127800.0,14916.0,0.9,1.2,235367.59118668098,84.2,4.7
13111,GA,Fannin,189700.0,15936.0,0.5,1.4,288190.8003975203,51.9,2.9
20013,KS,Brown,73200.0,9000.0,1.2,0.0,93504.3216696956,27.7,1.5
22069,LA,Natchitoches,127300.0,14388.0,0.4,1.1,242047.90298807036,90.1,5.0
36075,NY,Oswego,102200.0,12168.0,2.4,0.5,127550.87418629267,24.8,1.4
47059,TN,Greene,100100.0,8868.0,0.5,0.0,102047.0929588026,1.9,0.1
16029,ID,Caribou,165000.0,14256.0,0.6,1.1,226659.76754270832,37.4,2.1
36059,NY,Nassau,531600.0,35940.0,1.9,3.0,908646.7520941469,70.9,3.9
20005,KS,Atchison,91200.0,10176.0,1.3,0.0,109080.80527573239,19.6,1.1
39065,OH,Hardin,101400.0,11304.0,1.0,0.3,135811.8808472623,33.9,1.9
04023,AZ,Santa Cruz,130700.0,13668.0,0.8,0.9,204452.25705046384,56.4,3.1
53053,WA,Pierce,332800.0,21684.0,1.2,2.2,417076.3587696921,25.3,1.4
37145,NC,Person,138500.0,13608.0,0.7,0.9,205058.68262265393,48.1,2.7
37119,NC,Mecklenburg,229600.0,16872.0,1.1,1.6,279599.5323526778,21.8,1.2
22033,LA,East Baton Rouge,165400.0,15888.0,0.6,1.4,280044.3211172582,69.3,3.8
18109,IN,Morgan,155000.0,14280.0,0.5,1.1,231198.0855126966,49.2,2.7
29113,MO,Lincoln,164500.0,13296.0,0.8,0.8,191955.28917978046,16.7,0.9
10001,DE,Kent,202100.0,14976.0,0.5,1.2,257298.41434428253,27.3,1.5
23011,ME,Kennebec,151900.0,11928.0,1.2,0.5,146257.98997799467,-3.7,-0.2
36035,NY,Fulton,115300.0,16944.0,1.9,1.6,241898.7117900681,109.8,6.1
45013,SC,Beaufort,305600.0,22644.0,0.5,2.2,524995.0336169979,71.8,4.0
27019,MN,Carver,324000.0,23460.0,1.2,2.3,469348.0117836056,44.9,2.5
48459,TX,Upshur,137100.0,15000.0,1.1,1.2,227445.11981165182,65.9,3.7
13035,GA,Butts,120200.0,11880.0,1.1,0.4,147258.34317476206,22.5,1.2
37191,NC,Wayne,82900.0,9972.0,0.8,0.0,113417.03701700592,36.8,2.0
35001,NM,Bernalillo,195700.0,14592.0,0.9,1.1,224284.9416538471,14.6,0.8
48163,TX,Frio,88800.0,13212.0,1.5,0.8,168953.7159347027,90.3,5.0
40037,OK,Creek,96400.0,10188.0,0.8,0.0,117525.72616995,21.9,1.2
47009,TN,Blount,175700.0,14280.0,0.6,1.1,228799.30126506346,30.2,1.7
12015,FL,Charlotte,198500.0,20388.0,1.1,2.0,380133.19269229594,91.5,5.1
39093,OH,Lorain,137500.0,12504.0,1.6,0.6,151045.34141644128,9.9,0.5
51570,VA,Colonial Heights City,166100.0,14388.0,1.0,1.1,212846.1190255315,28.1,1.6
29165,MO,Platte,228900.0,18336.0,1.3,1.8,306459.5891777389,33.9,1.9
20151,KS,Pratt,71600.0,8952.0,1.5,0.0,88222.16970629866,23.2,1.3
48293,TX,Limestone,95900.0,13308.0,1.2,0.9,181162.89634297075,88.9,4.9
17105,IL,Livingston,90800.0,13296.0,2.2,0.8,152845.22497577418,68.3,3.8
18059,IN,Hancock,168100.0,15648.0,1.0,1.4,251147.7039966943,49.4,2.7
51009,VA,Amherst,149500.0,13680.0,0.5,0.9,215372.83993750135,44.1,2.4
34013,NJ,Essex,384000.0,22692.0,2.4,2.3,353752.5485115007,-7.9,-0.4
48121,TX,Denton,285300.0,22068.0,2.0,2.2,364692.7985552219,27.8,1.5
21117,KY,Kenton,153200.0,14388.0,1.1,1.1,210318.8007334436,37.3,2.1
51193,VA,Westmoreland,175300.0,15492.0,0.5,1.3,271247.7624296425,54.7,3.0
45029,SC,Colleton,120700.0,13188.0,0.6,0.8,197405.1138873865,63.6,3.5
40027,OK,Cleveland,158200.0,13788.0,1.0,1.0,197922.84008836883,25.1,1.4
51147,VA,Prince Edward,118300.0,14268.0,0.5,1.1,231625.95998552407,95.8,5.3
39113,OH,Montgomery,102100.0,11196.0,2.0,0.2,115191.66206959593,12.8,0.7
29025,MO,Caldwell,107800.0,9744.0,0.9,0.0,109597.17500613721,1.7,0.1
53025,WA,Grant,168000.0,11880.0,1.1,0.4,148839.5490721217,-11.4,-0.6
27005,MN,Becker,214200.0,15900.0,0.8,1.4,269428.547994463,25.8,1.4
18077,IN,Jefferson,117900.0,11304.0,0.6,0.3,144501.2401958873,22.6,1.2
18113,IN,Noble,119700.0,12360.0,0.8,0.6,168718.93338526133,41.0,2.3
18017,IN,Cass,80700.0,9072.0,0.8,0.0,100377.20236291966,24.4,1.4
48467,TX,Van Zandt,120300.0,14856.0,1.0,1.2,229354.90435354688,90.7,5.0
51173,VA,Smyth,75400.0,11904.0,0.6,0.5,160693.07273460986,113.1,6.3
20037,KS,Crawford,75500.0,8244.0,1.2,0.0,81769.49962444422,8.3,0.5
47165,TN,Sumner,234700.0,17844.0,0.6,1.7,338268.2310859033,44.1,2.4
37053,NC,Currituck,262200.0,16188.0,0.5,1.5,294043.0681653819,12.1,0.7
51810,VA,Virginia Beach City,261100.0,19032.0,0.8,1.9,362433.86754972965,38.8,2.2
40125,OK,Pottawatomie,87900.0,9540.0,0.7,0.0,109878.58340671004,25.0,1.4
30031,MT,Gallatin,383300.0,20304.0,0.7,2.0,415150.63364798954,8.3,0.5
45079,SC,Richland,135600.0,13752.0,0.8,1.0,206053.71934199546,52.0,2.9
20145,KS,Pawnee,69400.0,8604.0,1.6,0.0,81778.85643030603,17.8,1.0
12099,FL,Palm Beach,270100.0,23268.0,1.1,2.3,468869.1662999969,73.6,4.1
01101,AL,Montgomery,82800.0,10188.0,0.4,0.0,126426.14985450084,52.7,2.9
05141,AR,Van Buren,89800.0,9744.0,0.5,0.0,116487.63582233209,29.7,1.6
47179,TN,Washington,152800.0,11424.0,0.7,0.3,146922.9406608164,-3.8,-0.2
47021,TN,Cheatham,188400.0,14964.0,0.6,1.2,248218.43571167605,31.8,1.8
28001,MS,Adams,108200.0,11832.0,0.5,0.4,163099.57341456148,50.7,2.8
45047,SC,Greenwood,104700.0,11292.0,0.6,0.2,144410.65155236475,37.9,2.1
26075,MI,Jackson,132600.0,12312.0,1.4,0.6,150202.1977695504,13.3,0.7
18139,IN,Rush,97500.0,10596.0,0.8,0.0,124794.4724640981,28.0,1.6
08107,CO,Routt,458800.0,24276.0,0.4,2.4,608443.3577524538,32.6,1.8
13121,GA,Fulton,269900.0,20868.0,1.1,2.1,396345.96530867764,46.8,2.6
54079,WV,Putnam,155000.0,12324.0,0.6,0.6,172349.92589455552,11.2,0.6
12009,FL,Brevard,205100.0,16956.0,1.1,1.6,283552.3112085213,38.3,2.1
44001,RI,Bristol,341400.0,25176.0,1.5,2.4,490315.6734452911,43.6,2.4
18053,IN,Grant,79200.0,9348.0,0.7,0.0,106252.28580595063,34.2,1.9
20075,KS,Hamilton,91900.0,9108.0,1.4,0.0,91938.94666533018,0.0,0.0
